"well_name","metric_month","Net_Operating_Profit_to_WI_Owners","Oil_Production_Tax","Oil_Sales_Bbls","Total_Revenue","Total_WI_Expenses","Workover_Cost"
"Addie Hinds 1H","2023-09-01",12799.370000000004,1329.17,352.71,28847.29,7674.089999999998,0.0
"Addie Hinds 2H","2023-09-01",13644.8,1444.96,383.44,31360.21,8612.14,0.0
"Briscoe Dickerson 1H","2023-09-01",5358.869999999997,1158.72,307.48,25147.99,12091.430000000002,0.0
"Briscoe Dickerson 2H","2023-09-01",6116.810000000001,1248.89,331.41,27104.91,12554.099999999999,0.0
"Carter Unit 7H","2023-09-01",5570.18,1137.39,301.82,24684.65,11948.98,0.0
"Carter Unit 8H","2023-09-01",-32816.670000000006,859.64,228.11,18656.73,46057.700000000004,37794.19
"Conley Hickman 2H","2023-09-01",7032.869999999999,1411.81,374.64,30640.68,14673.29,0.0
"Cora Malone 1H","2023-09-01",7866.899999999998,2163.35,574.07,46951.46,25455.45,6856.47
"Cora Malone 3H","2023-09-01",9651.499999999998,1345.7,357.1,29205.94,11076.51,1003.42
"Cora Malone 4H","2023-09-01",13850.170000000006,3296.42,874.74,71542.57,36924.96,10259.49
"Davis B Wilson 2H","2023-09-01",13844.560000000001,1212.89,321.85,26323.38,4837.639999999999,0.0
"Davis B Wilson 3H","2023-09-01",17078.289999999997,1389.18,368.63,30149.51,4319.400000000001,0.0
"Davis B Wilson 4H","2023-09-01",-7048.32,1551.91,411.82,33681.15,30952.469999999998,24883.73
"Davis B Wilson 5H","2023-09-01",20665.43,2133.2,566.07,46296.94,12192.39,0.0
"Floy Gray 1H","2023-09-01",53215.98,3926.11,1041.83,85208.54,9057.74,0.0
"Floy Gray 2H","2023-09-01",20917.460000000003,1683.28,446.68,36532.23,5781.700000000001,0.0
"Floyd Tiller 1H","2023-09-01",1908.7099999999996,361.76,96.0,7851.27,3663.4900000000002,0.0
"Floyd Tiller 3H","2023-09-01",7879.66,1129.44,299.71,24512.37,9517.239999999998,0.0
"Floyd Tiller 5H","2023-09-01",4485.43,544.29,144.43,11812.79,3872.2400000000002,0.0
"Floyd Tiller 6H","2023-09-01",17964.72,1485.5,394.19,32239.78,4845.259999999999,0.0
"Floyd Tiller 7H","2023-09-01",23098.77,2482.25,658.69,53872.56,15135.609999999997,0.0
"Floyd Tiller 9H","2023-09-01",12581.289999999999,1151.02,305.44,24980.81,5092.9,0.0
"Floyd Tiller 10H","2023-09-01",24762.319999999996,2892.69,767.6,62779.95,19793.8,0.0
"Floyd Tiller 12H","2023-09-01",2803.1500000000005,485.92,128.94,10546.02,4658.27,0.0
"J.B. Northcutt 2H","2023-09-01",13766.630000000001,1605.46,426.03,34843.58,10962.530000000002,0.0
"J.B. Northcutt A 3H","2023-09-01",5248.7300000000005,719.58,190.95,15617.23,5924.499999999999,0.0
"J.B. Northcutt 6H","2023-09-01",9149.9,1156.61,306.92,25102.2,8665.62,0.0
"J.L. New 1H","2023-09-01",35481.57,2738.93,726.81,59443.61,9856.0,0.0
"Mary B Johnson 1BH","2023-09-01",33113.63,2501.57,663.82,54291.53,5543.639999999999,0.0
"Mary B Johnson 4H","2023-09-01",11923.469999999998,1221.62,324.17,26512.76,6893.13,0.0
"Mary B Johnson 5H","2023-09-01",11129.849999999999,1120.17,297.25,24311.01,6124.13,0.0
"Mary B Johnson 6H","2023-09-01",25714.460000000006,2483.81,659.11,53906.22,12543.81,0.0
"Mary B Johnson 7H","2023-09-01",12325.950000000004,1126.93,299.04,24457.79,5032.21,0.0
"Merriweather South 5H","2023-09-01",17155.159999999996,1975.0,524.09,42863.75,13266.060000000001,0.0
"Mose Baggett A 1H","2023-09-01",16882.98,2142.47,568.53,46498.36,16117.8,7974.1
"Moses Baggett 2H","2023-09-01",25011.570000000007,3035.59,805.53,65881.49,22122.86,0.0
"Moses Baggett 3H","2023-09-01",15821.97,1827.65,484.98,39665.45,12556.369999999997,0.0
"Moses Watson 1H","2023-09-01",-3423.680000000004,852.58,226.24,18503.63,16556.060000000005,4274.18
"Moses Watson 2H","2023-09-01",-14704.91,576.32,152.93,12507.81,23581.94,3610.31
"Moses Watson 3H","2023-09-01",-122250.44999999997,1402.98,372.3,30449.04,143860.71999999997,128866.43
"Northcutt Dye 1H","2023-09-01",4156.499999999999,685.29,181.85,14872.82,6399.0199999999995,0.0
"Northcutt Dye 2H","2023-09-01",22870.849999999995,1784.02,473.41,38718.56,4608.450000000001,0.0
"Northcutt Dye 3H","2023-09-01",11057.41,1063.85,282.3,23088.85,5329.18,0.0
"R.W. Carter 4BH","2023-09-01",4873.000000000001,702.52,186.42,15246.73,6196.11,0.0
"R.W. Carter 5BH","2023-09-01",-5324.83,0.0,0.0,0.0,5324.83,0.0
"Salt Flat Field","2023-09-01",0.0,0.0,0.0,0.0,0.0,0.0
"Smith B Unit 2H","2023-09-01",2274.6600000000017,755.46,200.47,16395.81,9355.619999999999,0.0
"Smith B Unit 3H","2023-09-01",13096.25,1394.25,369.98,30259.58,8376.46,0.0
"Smith Heirs Lease","2023-09-01",-1100.0,0.0,0.0,0.0,1100.0,0.0
"Smith Northcutt 2H","2023-09-01",37109.79,3518.12,933.57,76353.89,17019.57,0.0
"Tiller Briscoe 9H","2023-09-01",13246.660000000002,1742.45,462.38,37816.67,13592.559999999996,0.0
"W.H. New 1H","2023-09-01",2109.680000000001,623.6,165.48,13534.11,7431.19,0.0
"W.H. New 2H","2023-09-01",-35417.590000000004,1211.62,321.52,26295.85,54105.340000000004,39455.96
"W.H. New 3H","2023-09-01",6719.169999999999,934.02,247.85,20271.21,7687.03,0.0
"Wilson Malone 2H","2023-09-01",0.0,0.0,0.0,0.0,0.0,0.0
"Addie Hinds 1H","2023-10-01",12771.63,1403.19,389.55,30451.26,8840.210000000001,0.0
"Addie Hinds 2H","2023-10-01",13719.320000000002,1525.43,423.49,33103.9,9774.97,0.0
"Briscoe Dickerson 1H","2023-10-01",672.2800000000007,1024.51,284.42,22233.34,14755.49,0.0
"Briscoe Dickerson 2H","2023-10-01",-388.7400000000016,1104.23,306.56,23963.45,16895.63,0.0
"Carter Unit 7H","2023-10-01",12276.319999999996,2400.38,666.39,52091.61,24693.920000000002,0.0
"Carter Unit 8H","2023-10-01",15673.440000000002,1814.21,503.66,39370.97,12268.779999999999,-6875.23
"Conley Hickman 2H","2023-10-01",8188.09,1510.24,419.27,32774.26,15029.380000000001,0.0
"Cora Malone 1H","2023-10-01",12240.419999999998,2141.23,594.45,46467.74,20738.39,0.0
"Cora Malone 3H","2023-10-01",9963.969999999996,1331.94,369.77,28905.05,10550.380000000003,0.0
"Cora Malone 4H","2023-10-01",24530.159999999996,3262.71,905.79,70805.51,25721.690000000002,0.0
"Davis B Wilson 2H","2023-10-01",13919.099999999999,1308.33,363.22,28392.64,6231.610000000001,0.0
"Davis B Wilson 3H","2023-10-01",17958.45,1498.5,416.01,32519.55,5121.25,0.0
"Davis B Wilson 4H","2023-10-01",3588.4999999999964,1674.03,464.74,36328.81,22194.670000000002,12284.79
"Davis B Wilson 5H","2023-10-01",21367.68,2301.07,638.82,49936.31,14072.92,0.0
"Floy Gray 1H","2023-10-01",32522.5,2882.18,800.15,62547.26,13189.32,1985.44
"Floy Gray 2H","2023-10-01",12798.750000000004,1235.7,343.05,26816.45,6799.709999999999,0.0
"Floyd Tiller 1H","2023-10-01",3116.7499999999995,468.15,129.97,10159.56,4093.53,0.0
"Floyd Tiller 3H","2023-10-01",9585.389999999998,1256.19,348.74,27261.07,9762.33,0.0
"Floyd Tiller 5H","2023-10-01",5194.199999999999,605.37,168.06,13137.42,4100.450000000001,0.0
"Floyd Tiller 6H","2023-10-01",16406.26,1422.38,394.88,30867.62,5432.79,0.0
"Floyd Tiller 7H","2023-10-01",30555.460000000014,3212.3,891.79,69711.21,18919.629999999997,0.0
"Floyd Tiller 9H","2023-10-01",14541.25,1280.19,355.41,27781.97,5114.749999999999,0.0
"Floyd Tiller 10H","2023-10-01",21637.710000000006,2769.77,768.94,60107.98,21021.879999999997,0.0
"Floyd Tiller 12H","2023-10-01",2357.7800000000007,465.28,129.17,10097.17,4785.92,0.0
"J.B. Northcutt 2H","2023-10-01",9794.109999999999,1399.58,388.55,30372.82,11762.01,0.0
"J.B. Northcutt A 3H","2023-10-01",11616.129999999997,1220.24,338.76,26480.8,7329.190000000002,0.0
"J.B. Northcutt 6H","2023-10-01",6354.889999999999,1008.29,279.92,21881.35,9174.72,0.0
"J.L. New 1H","2023-10-01",31071.100000000006,2632.82,730.92,57135.87,12506.169999999998,0.0
"Mary B Johnson 1BH","2023-10-01",32468.789999999994,2602.5,722.5,56477.84,7745.050000000002,0.0
"Mary B Johnson 4H","2023-10-01",11315.489999999998,1270.9,352.83,27580.42,8258.8,0.0
"Mary B Johnson 5H","2023-10-01",10504.359999999997,1165.36,323.53,25290.01,7444.32,0.0
"Mary B Johnson 6H","2023-10-01",24944.580000000005,2584.03,717.37,56077.01,14854.310000000001,0.0
"Mary B Johnson 7H","2023-10-01",11744.04,1172.4,325.48,25442.7,6313.090000000001,0.0
"Merriweather South 5H","2023-10-01",5839.59,1303.4,361.85,28285.74,14235.25,0.0
"Mose Baggett A 1H","2023-10-01",1883.1100000000006,996.65,276.69,21628.8,13467.27,3763.56
"Moses Baggett 2H","2023-10-01",19916.42,3099.97,860.61,67273.72,28213.910000000003,0.0
"Moses Baggett 3H","2023-10-01",9646.190000000002,1866.41,518.15,40503.67,19331.76,0.0
"Moses Watson 1H","2023-10-01",11406.710000000003,1644.15,456.45,35680.23,13916.329999999998,1474.09
"Moses Watson 2H","2023-10-01",435.73999999999796,1111.39,308.54,24118.61,16681.58,996.27
"Moses Watson 3H","2023-10-01",5540.510000000009,2705.56,751.11,58714.38,36130.02999999999,14077.14
"Northcutt Dye 1H","2023-10-01",3522.2699999999995,717.88,199.3,15578.98,7534.53,0.0
"Northcutt Dye 2H","2023-10-01",21500.25,1868.86,518.83,40556.94,7283.68,0.0
"Northcutt Dye 3H","2023-10-01",10351.099999999999,1114.45,309.39,24185.12,6813.440000000001,0.0
"R.W. Carter 4BH","2023-10-01",28375.66,2138.47,593.68,46407.85,5316.240000000001,0.0
"R.W. Carter 5BH","2023-10-01",2937.3200000000006,535.23,148.59,11615.25,5320.21,0.0
"Salt Flat Field","2023-10-01",0.0,0.0,0.0,0.0,0.0,0.0
"Smith B Unit 2H","2023-10-01",4236.370000000001,858.15,238.24,18622.95,8973.74,0.0
"Smith B Unit 3H","2023-10-01",14459.36,1583.76,439.68,34369.92,9930.060000000001,0.0
"Smith Heirs Lease","2023-10-01",-905.0,0.0,0.0,0.0,905.0,0.0
"Smith Northcutt 2H","2023-10-01",37387.2,3714.3,1031.16,80605.56,19755.98,0.0
"Tiller Briscoe 9H","2023-10-01",1504.739999999998,1727.08,479.47,37480.07,25095.62,5147.19
"W.H. New 1H","2023-10-01",14935.230000000003,1483.51,411.85,32194.24,7759.889999999999,0.0
"W.H. New 2H","2023-10-01",15489.22,1515.77,420.81,32894.28,7887.76,0.0
"W.H. New 3H","2023-10-01",9930.95,1168.49,324.39,25357.86,8090.09,0.0
"Wilson Malone 2H","2023-10-01",0.0,0.0,0.0,0.0,0.0,0.0
"Addie Hinds 1H","2023-11-01",2826.109999999997,1132.67,349.3,24575.64,14615.45,0.0
"Addie Hinds 1H","2023-12-01",6375.93,1023.57,349.21,22203.94,9382.269999999999,0.0
"Addie Hinds 1H","2024-01-01",8757.42,1056.72,349.89,22924.64,7512.23,0.0
"Addie Hinds 1H","2024-02-01",9749.369999999999,1145.8,361.61,24858.9,7893.13,0.0
"Addie Hinds 1H","2024-03-01",10106.29,1089.26,324.25,23634.75,6667.57,0.0
"Addie Hinds 1H","2024-04-01",12854.989999999998,1275.73,359.63,27684.46,6793.029999999999,0.0
"Addie Hinds 1H","2024-05-01",16029.880000000001,1312.8,398.34,28481.29,4183.48,0.0
"Addie Hinds 1H","2024-06-01",3714.84,1124.16,344.11,24390.93,13595.560000000001,0.0
"Addie Hinds 2H","2023-11-01",3436.6900000000023,1231.33,379.72,26716.45,15524.099999999999,0.0
"Addie Hinds 2H","2023-12-01",6419.809999999998,1112.73,379.64,24138.16,10711.050000000003,0.0
"Addie Hinds 2H","2024-01-01",3857.0300000000007,1148.77,380.37,24921.64,13829.97,5257.63
"Addie Hinds 2H","2024-02-01",10267.859999999997,1245.58,393.12,27024.4,8911.530000000002,0.0
"Addie Hinds 2H","2024-03-01",10830.629999999997,1184.11,352.5,25693.61,7404.450000000001,0.0
"Addie Hinds 2H","2024-04-01",13591.410000000002,1386.87,390.95,30096.09,7768.289999999999,0.0
"Addie Hinds 2H","2024-05-01",17546.65,1426.99,433.06,30962.38,4427.679999999999,0.0
"Addie Hinds 2H","2024-06-01",3580.039999999999,1222.06,374.09,26515.66,15238.339999999998,0.0
"Briscoe Dickerson 1H","2023-11-01",-8943.249999999998,547.11,168.72,11870.77,17180.34,0.0
"Briscoe Dickerson 1H","2023-12-01",-517.3299999999995,267.42,91.24,5801.27,4542.78,0.0
"Briscoe Dickerson 1H","2024-01-01",-19203.899999999998,541.48,179.29,11746.94,27355.03,0.0
"Briscoe Dickerson 1H","2024-02-01",-13226.410000000002,287.55,90.75,6238.72,17555.4,0.0
"Briscoe Dickerson 1H","2024-03-01",-6767.179999999997,568.28,169.17,12330.84,15323.499999999998,0.0
"Briscoe Dickerson 1H","2024-04-01",-13950.480000000003,526.78,148.5,11431.5,21882.780000000002,0.0
"Briscoe Dickerson 1H","2024-05-01",-16334.13,221.83,67.31,4812.52,19673.5,0.0
"Briscoe Dickerson 1H","2024-06-01",-12793.710000000006,358.36,109.7,7775.63,18189.170000000006,0.0
"Briscoe Dickerson 2H","2023-11-01",-3448.390000000003,589.68,181.85,12794.5,12261.650000000003,0.0
"Briscoe Dickerson 2H","2023-12-01",973.539999999999,288.24,98.33,6252.7,3333.4700000000003,0.0
"Briscoe Dickerson 2H","2024-01-01",5981.52,583.62,193.24,12661.04,2739.73,0.0
"Briscoe Dickerson 2H","2024-02-01",3012.2000000000007,309.92,97.82,6724.2,1619.5799999999997,0.0
"Briscoe Dickerson 2H","2024-03-01",8354.83,612.5,182.34,13290.38,800.0,0.0
"Briscoe Dickerson 2H","2024-04-01",7687.16,567.77,160.05,12321.05,800.0,0.0
"Briscoe Dickerson 2H","2024-05-01",2772.5699999999997,239.06,72.55,5187.03,800.41,0.0
"Briscoe Dickerson 2H","2024-06-01",4971.359999999999,386.25,118.24,8380.71,801.56,0.0
"Carter Unit 7H","2023-11-01",3409.7199999999975,1700.39,524.38,36893.81,22774.2,0.0
"Carter Unit 7H","2023-12-01",7634.630000000005,1866.95,636.96,40499.29,21107.799999999996,0.0
"Carter Unit 7H","2024-01-01",9659.180000000004,1745.93,578.09,37876.47,17222.0,0.0
"Carter Unit 7H","2024-02-01",-21833.480000000003,1675.01,528.65,36341.33,47625.16,31415.22
"Carter Unit 7H","2024-03-01",21016.910000000003,1768.0,526.32,38363.19,6209.960000000001,0.0
"Carter Unit 7H","2024-04-01",14188.619999999999,1964.37,553.75,42628.53,16065.529999999999,0.0
"Carter Unit 7H","2024-05-01",13071.720000000001,1962.88,595.71,42591.77,17156.179999999997,0.0
"Carter Unit 7H","2024-06-01",17804.750000000004,1781.96,545.49,38664.12,9635.599999999999,0.0
"Carter Unit 8H","2023-11-01",-4306.759999999995,1285.16,396.32,27884.44,24096.609999999993,0.0
"Carter Unit 8H","2023-12-01",-1259.3899999999994,1411.04,481.41,30609.47,22983.02,0.0
"Carter Unit 8H","2024-01-01",-490.77000000000044,1319.58,436.93,28627.13,20807.57,0.0
"Carter Unit 8H","2024-02-01",609.0900000000074,1265.97,399.56,27466.88,18884.399999999994,0.0
"Carter Unit 8H","2024-03-01",11858.510000000002,1336.26,397.8,28995.0,8719.579999999998,0.0
"Carter Unit 8H","2024-04-01",3350.3400000000074,1484.68,418.49,32218.73,19515.749999999993,0.0
"Carter Unit 8H","2024-05-01",1603.3600000000042,1483.63,450.24,32190.97,21242.899999999998,0.0
"Carter Unit 8H","2024-06-01",6158.640000000005,1346.81,412.28,29222.44,14580.819999999994,0.0
"Conley Hickman 2H","2023-11-01",-9473.209999999997,578.99,178.55,12562.35,18372.309999999998,0.0
"Conley Hickman 2H","2023-12-01",14587.390000000003,1105.53,377.18,23982.04,2401.2499999999995,0.0
"Conley Hickman 2H","2024-01-01",-14281.240000000002,844.35,279.57,18317.28,27257.12,0.0
"Conley Hickman 2H","2024-02-01",6357.01,597.6,188.61,12965.86,2827.77,0.0
"Conley Hickman 2H","2024-03-01",-1346.04,0.0,0.0,0.0,1346.04,0.0
"Conley Hickman 2H","2024-04-01",-1011.1800000000001,0.0,0.0,0.0,1011.1800000000001,0.0
"Conley Hickman 2H","2024-05-01",-1727.17,0.0,0.0,0.0,1727.17,0.0
"Conley Hickman 2H","2024-06-01",-958.25,0.0,0.0,0.0,958.25,0.0
"Cora Malone 1H","2023-11-01",-3926.3899999999994,1657.51,511.15,35963.37,29450.010000000002,0.0
"Cora Malone 1H","2023-12-01",20753.23,1700.88,580.3,36896.75,5432.490000000001,0.0
"Cora Malone 1H","2024-01-01",-13211.89999999999,1621.41,536.86,35175.11,38175.83999999999,8629.99
"Cora Malone 1H","2024-02-01",5931.669999999998,1877.77,592.65,40740.52,22982.329999999998,3316.56
"Cora Malone 1H","2024-03-01",3794.199999999997,1673.54,498.2,36313.57,21977.940000000002,0.0
"Cora Malone 1H","2024-04-01",21888.790000000008,2017.0,568.59,43770.47,9175.849999999995,0.0
"Cora Malone 1H","2024-05-01",8449.76000000001,1860.9,564.73,40376.91,20206.149999999994,0.0
"Cora Malone 1H","2024-06-01",2206.6500000000087,1515.27,463.85,32877.6,21126.929999999993,0.0
"Cora Malone 3H","2023-11-01",-324.38000000000284,1031.05,317.96,22370.85,16201.190000000002,0.0
"Cora Malone 3H","2023-12-01",12669.640000000001,1058.02,360.97,22951.45,3619.07,0.0
"Cora Malone 3H","2024-01-01",-84.10000000000218,1008.59,333.95,21880.52,15612.940000000002,0.0
"Cora Malone 3H","2024-02-01",7401.909999999996,1168.06,368.65,25342.45,10583.980000000003,0.0
"Cora Malone 3H","2024-03-01",3560.8499999999985,1041.02,309.91,22588.69,12470.759999999998,0.0
"Cora Malone 3H","2024-04-01",14770.800000000003,1254.66,353.69,27227.22,4552.7699999999995,0.0
"Cora Malone 3H","2024-05-01",2835.789999999999,1157.57,351.29,25116.21,14989.44,0.0
"Cora Malone 3H","2024-06-01",3607.6600000000017,942.57,288.54,20451.36,10906.92,0.0
"Cora Malone 4H","2023-11-01",3826.260000000002,2525.64,778.87,54799.4,35065.24,0.0
"Cora Malone 4H","2023-12-01",32709.78,2591.72,884.23,56221.64,7190.830000000002,0.0
"Cora Malone 4H","2024-01-01",7184.16,2470.64,818.05,53598.29,30854.829999999998,0.0
"Cora Malone 4H","2024-02-01",22527.559999999998,2861.26,903.05,62078.61,21530.11,0.0
"Cora Malone 4H","2024-03-01",14839.009999999991,2550.06,759.14,55333.03,24431.49,0.0
"Cora Malone 4H","2024-04-01",43091.06,3073.41,866.39,66695.52,4243.960000000005,0.0
"Cora Malone 4H","2024-05-01",21803.760000000006,2835.54,860.52,61524.66,21860.95,0.0
"Cora Malone 4H","2024-06-01",13602.559999999998,2308.9,706.79,50097.44,21952.050000000003,0.0
"Davis B Wilson 2H","2023-11-01",5187.709999999999,1285.5,396.45,27893.47,14608.54,0.0
"Davis B Wilson 2H","2023-12-01",7326.980000000001,1038.18,354.2,22521.09,8656.300000000001,0.0
"Davis B Wilson 2H","2024-01-01",13969.05,1299.61,430.31,28193.91,6040.38,0.0
"Davis B Wilson 2H","2024-02-01",10700.2,1127.6,355.88,24464.7,6662.650000000001,0.0
"Davis B Wilson 2H","2024-03-01",15133.139999999998,1215.71,361.91,26379.37,3588.69,0.0
"Davis B Wilson 2H","2024-04-01",13379.529999999999,1230.67,346.92,26706.48,5574.4800000000005,0.0
"Davis B Wilson 2H","2024-05-01",12845.630000000003,1259.36,382.18,27324.81,6547.0700000000015,2323.0
"Davis B Wilson 2H","2024-06-01",11767.29,1000.77,306.35,21714.18,3643.4900000000002,0.0
"Davis B Wilson 3H","2023-11-01",7349.730000000007,1472.44,454.08,31947.83,15323.899999999998,0.0
"Davis B Wilson 3H","2023-12-01",11838.330000000002,1189.09,405.69,25794.56,6468.170000000001,0.0
"Davis B Wilson 3H","2024-01-01",15303.59,1488.51,492.86,32291.93,7614.029999999998,0.0
"Davis B Wilson 3H","2024-02-01",13637.689999999999,1291.5,407.61,28020.68,6248.770000000001,0.0
"Davis B Wilson 3H","2024-03-01",16126.120000000003,1392.42,414.52,30213.65,5316.98,0.0
"Davis B Wilson 3H","2024-04-01",17133.889999999996,1409.54,397.35,30588.3,4575.11,0.0
"Davis B Wilson 3H","2024-05-01",16387.309999999998,1442.34,437.73,31296.55,5824.22,2661.38
"Davis B Wilson 3H","2024-06-01",12724.239999999998,1146.23,350.88,24870.36,4926.490000000001,0.0
"Davis B Wilson 4H","2023-11-01",5415.399999999998,1644.91,507.27,35690.11,19914.2,0.0
"Davis B Wilson 4H","2023-12-01",9902.069999999996,1328.37,453.21,28816.07,10548.740000000002,0.0
"Davis B Wilson 4H","2024-01-01",16732.15,1662.87,550.59,36074.53,8870.15,0.0
"Davis B Wilson 4H","2024-02-01",12136.609999999999,1442.78,455.36,31302.95,10079.35,0.0
"Davis B Wilson 4H","2024-03-01",20039.170000000002,1555.52,463.07,33752.8,3915.6099999999997,0.0
"Davis B Wilson 4H","2024-04-01",16131.720000000005,1574.65,443.89,34171.33,8120.2300000000005,0.0
"Davis B Wilson 4H","2024-05-01",15113.979999999996,1611.33,489.0,34962.5,9699.29,2972.08
"Davis B Wilson 4H","2024-06-01",14689.039999999997,1280.5,391.98,27783.62,5029.290000000001,0.0
"Davis B Wilson 5H","2023-11-01",4881.219999999994,2261.04,697.27,49058.39,29935.97,0.0
"Davis B Wilson 5H","2023-12-01",9143.650000000001,1825.94,622.96,39609.57,18967.42,0.0
"Davis B Wilson 5H","2024-01-01",21204.21,2285.72,756.82,49586.79,13987.76,0.0
"Davis B Wilson 5H","2024-02-01",15395.630000000006,1983.2,625.92,43027.94,15141.639999999998,0.0
"Davis B Wilson 5H","2024-03-01",28273.830000000005,2138.17,636.52,46395.42,4653.609999999998,0.0
"Davis B Wilson 5H","2024-04-01",19941.620000000003,2164.47,610.16,46970.72,13394.29,0.0
"Davis B Wilson 5H","2024-05-01",18137.489999999998,2214.88,672.17,48058.22,15969.960000000001,4086.02
"Davis B Wilson 5H","2024-06-01",20673.17,1760.13,538.8,38190.39,6431.0199999999995,0.0
"Floy Gray 1H","2023-11-01",23097.350000000002,2949.29,909.52,63991.33,23669.350000000002,0.0
"Floy Gray 1H","2023-12-01",34271.86000000001,2711.19,924.99,58813.21,8710.159999999998,0.0
"Floy Gray 1H","2024-01-01",30949.199999999997,2789.84,923.74,60523.28,13282.620000000003,0.0
"Floy Gray 1H","2024-02-01",37482.63999999999,2913.15,919.43,63204.38,8708.890000000001,0.0
"Floy Gray 1H","2024-03-01",35597.92999999999,2754.76,820.08,59774.81,8087.4,0.0
"Floy Gray 1H","2024-04-01",42088.62999999999,3203.29,903.0,69513.95,8714.600000000002,0.0
"Floy Gray 1H","2024-05-01",32897.20999999999,2648.86,803.86,57474.09,9106.59,0.0
"Floy Gray 1H","2024-06-01",28055.760000000002,2591.38,793.27,56226.53,13036.279999999999,3287.2
"Floy Gray 2H","2023-11-01",1217.1300000000047,1264.47,389.94,27435.58,18833.629999999997,0.0
"Floy Gray 2H","2023-12-01",12619.099999999999,1162.39,396.58,25215.52,5808.950000000001,0.0
"Floy Gray 2H","2024-01-01",10795.029999999999,1196.12,396.05,25948.7,8168.870000000003,0.0
"Floy Gray 2H","2024-02-01",14131.469999999998,1248.98,394.19,27098.19,5672.63,0.0
"Floy Gray 2H","2024-03-01",13926.739999999998,1181.0,351.6,25627.79,4802.9000000000015,0.0
"Floy Gray 2H","2024-04-01",15894.630000000001,1373.37,387.15,29803.35,5886.729999999999,0.0
"Floy Gray 2H","2024-05-01",11558.449999999999,1135.68,344.65,24641.39,6450.210000000001,0.0
"Floy Gray 2H","2024-06-01",9976.619999999997,1111.02,340.1,24106.51,7641.140000000001,1409.6
"Floyd Tiller 10H","2023-11-01",-7000.760000000002,1817.61,560.52,39437.03,34989.65,0.0
"Floyd Tiller 10H","2023-12-01",26460.340000000004,2186.25,745.9,47425.96,7198.089999999998,0.0
"Floyd Tiller 10H","2024-01-01",-7678.680000000008,2033.67,673.37,44118.66,38989.87000000001,0.0
"Floyd Tiller 10H","2024-02-01",10012.569999999989,2065.87,652.02,44821.81,21797.950000000008,0.0
"Floyd Tiller 10H","2024-03-01",2971.2499999999964,1470.85,437.87,31915.59,19679.72,0.0
"Floyd Tiller 10H","2024-04-01",-7972.690000000002,1006.78,283.81,21847.94,23478.49,0.0
"Floyd Tiller 10H","2024-05-01",11865.169999999987,2460.85,746.81,53395.32,26030.080000000005,0.0
"Floyd Tiller 10H","2024-06-01",4155.249999999996,1738.9,532.31,37730.03,22622.230000000003,0.0
"Floyd Tiller 12H","2023-11-01",-2590.2999999999993,305.33,94.16,6624.78,7277.36,0.0
"Floyd Tiller 12H","2023-12-01",3306.429999999999,367.26,125.3,7966.8,2329.8000000000006,0.0
"Floyd Tiller 12H","2024-01-01",-2673.2400000000007,341.62,113.11,7411.22,7916.4800000000005,0.0
"Floyd Tiller 12H","2024-02-01",562.0,347.03,109.53,7529.34,4764.7300000000005,0.0
"Floyd Tiller 12H","2024-03-01",-608.8299999999995,247.08,73.55,5361.3,4401.9,0.0
"Floyd Tiller 12H","2024-04-01",-2446.8600000000006,169.12,47.68,3670.1,5043.460000000001,0.0
"Floyd Tiller 12H","2024-05-01",827.3499999999995,413.46,125.45,8969.48,5518.52,0.0
"Floyd Tiller 12H","2024-06-01",-966.2600000000002,292.11,89.42,6338.04,5450.47,0.0
"Floyd Tiller 1H","2023-11-01",939.75,152.84,47.13,3316.14,1413.67,0.0
"Floyd Tiller 1H","2023-12-01",3671.5800000000004,290.07,98.97,6292.47,794.2299999999999,0.0
"Floyd Tiller 1H","2024-01-01",2406.58,215.44,71.34,4673.84,910.4199999999998,0.0
"Floyd Tiller 1H","2024-02-01",4124.790000000001,304.26,96.03,6601.22,560.1600000000001,0.0
"Floyd Tiller 1H","2024-03-01",2798.2799999999997,277.13,82.5,6013.3,1469.3,0.0
"Floyd Tiller 1H","2024-04-01",4101.81,341.65,96.31,7414.12,1159.9499999999998,0.0
"Floyd Tiller 1H","2024-05-01",3474.6800000000003,247.22,75.01,5362.96,331.43,0.0
"Floyd Tiller 1H","2024-06-01",3505.3100000000004,230.32,70.5,4997.34,41.43,0.0
"Floyd Tiller 3H","2023-11-01",-3282.6900000000005,724.01,223.27,15708.95,14431.43,0.0
"Floyd Tiller 3H","2023-12-01",10644.319999999998,933.5,318.49,20250.14,3727.2600000000007,0.0
"Floyd Tiller 3H","2024-01-01",-2132.3300000000017,908.25,300.73,19703.64,16116.150000000001,0.0
"Floyd Tiller 3H","2024-02-01",9007.430000000002,1195.26,377.24,25932.6,9397.319999999998,0.0
"Floyd Tiller 3H","2024-03-01",13111.190000000004,1396.66,415.78,30305.68,8397.119999999997,0.0
"Floyd Tiller 3H","2024-04-01",15246.28,1667.26,470.0,36180.89,10431.819999999998,0.0
"Floyd Tiller 3H","2024-05-01",6100.85,1107.1,335.98,24021.45,10947.429999999998,0.0
"Floyd Tiller 3H","2024-06-01",584.7100000000028,982.15,300.65,21310.25,14539.349999999999,0.0
"Floyd Tiller 5H","2023-11-01",-822.9700000000012,348.91,107.6,7570.32,6178.780000000001,0.0
"Floyd Tiller 5H","2023-12-01",4677.920000000001,449.86,153.48,9758.78,2226.25,0.0
"Floyd Tiller 5H","2024-01-01",1101.3399999999983,437.69,144.92,9495.41,5616.540000000001,0.0
"Floyd Tiller 5H","2024-02-01",5070.86,576.01,181.8,12497.22,3770.8599999999997,0.0
"Floyd Tiller 5H","2024-03-01",5632.57,673.07,200.37,14604.65,4700.26,0.0
"Floyd Tiller 5H","2024-04-01",8307.48,803.47,226.5,17435.98,4028.4500000000003,0.0
"Floyd Tiller 5H","2024-05-01",3640.1500000000005,533.55,161.91,11576.11,4549.94,0.0
"Floyd Tiller 5H","2024-06-01",3019.3500000000013,473.31,144.89,10269.65,4246.459999999999,0.0
"Floyd Tiller 6H","2023-11-01",1427.83,933.41,287.85,20252.34,12900.63,0.0
"Floyd Tiller 6H","2023-12-01",13634.58,1122.72,383.04,24354.95,3596.4899999999993,0.0
"Floyd Tiller 6H","2024-01-01",7416.629999999997,1044.36,345.8,22656.53,8612.720000000001,0.0
"Floyd Tiller 6H","2024-02-01",10619.149999999998,1060.9,334.83,23017.63,5665.760000000001,0.0
"Floyd Tiller 6H","2024-03-01",6083.170000000002,755.34,224.86,16389.81,5512.52,0.0
"Floyd Tiller 6H","2024-04-01",-4420.880000000001,517.02,145.75,11219.71,12358.880000000001,0.0
"Floyd Tiller 6H","2024-05-01",11440.75,1263.65,383.52,27420.33,7959.260000000001,0.0
"Floyd Tiller 6H","2024-06-01",7476.500000000002,892.99,273.36,19375.74,6231.949999999999,0.0
"Floyd Tiller 7H","2023-11-01",-6603.580000000002,1048.71,323.41,22754.17,22752.38,0.0
"Floyd Tiller 7H","2023-12-01",15967.710000000005,1990.37,679.06,43176.62,14674.88,0.0
"Floyd Tiller 7H","2024-01-01",6572.0999999999985,1478.29,489.49,32070.15,16188.220000000001,0.0
"Floyd Tiller 7H","2024-02-01",19541.65000000001,2087.69,658.92,45295.15,12604.839999999998,0.0
"Floyd Tiller 7H","2024-03-01",23292.93,1901.54,566.1,41261.04,5990.759999999999,0.0
"Floyd Tiller 7H","2024-04-01",24321.73,2344.29,660.85,50872.97,11783.610000000004,0.0
"Floyd Tiller 7H","2024-05-01",14243.639999999996,1695.95,514.68,36798.38,11872.560000000001,0.0
"Floyd Tiller 7H","2024-06-01",14991.650000000001,1580.35,483.8,34289.91,9344.18,0.0
"Floyd Tiller 9H","2023-11-01",1493.33,737.84,227.54,16009.12,9833.09,0.0
"Floyd Tiller 9H","2023-12-01",11492.650000000003,951.34,324.57,20637.08,3107.8199999999997,0.0
"Floyd Tiller 9H","2024-01-01",7327.069999999998,925.63,306.48,20080.14,6879.580000000002,0.0
"Floyd Tiller 9H","2024-02-01",14073.339999999998,1218.13,384.45,26428.11,4624.65,0.0
"Floyd Tiller 9H","2024-03-01",11633.899999999998,1423.35,423.72,30884.75,10217.09,5686.54
"Floyd Tiller 9H","2024-04-01",21076.65,1699.12,478.98,36872.22,5010.719999999999,0.0
"Floyd Tiller 9H","2024-05-01",11227.43,1128.27,342.39,24480.3,6092.410000000001,0.0
"Floyd Tiller 9H","2024-06-01",10098.23,1000.92,306.4,21717.44,5266.97,0.0
"J.B. Northcutt 2H","2023-11-01",5426.67,1385.42,427.24,30059.8,15907.020000000002,0.0
"J.B. Northcutt 2H","2023-12-01",-12843.93,990.39,337.9,21484.84,28091.92,22116.13
"J.B. Northcutt 2H","2024-01-01",-4865.909999999996,1299.54,430.29,28192.32,24874.269999999997,4320.24
"J.B. Northcutt 2H","2024-02-01",9480.739999999998,1387.16,437.8,30096.13,11878.75,0.0
"J.B. Northcutt 2H","2024-03-01",5226.8200000000015,1152.1,342.97,24998.99,12515.24,0.0
"J.B. Northcutt 2H","2024-04-01",9219.369999999995,1419.92,400.27,30813.5,12649.460000000003,0.0
"J.B. Northcutt 2H","2024-05-01",9919.099999999999,1286.51,390.43,27914.48,9892.11,0.0
"J.B. Northcutt 2H","2024-06-01",-426.4599999999955,1161.14,355.42,25191.91,18305.349999999995,0.0
"J.B. Northcutt 6H","2023-11-01",2019.9100000000035,998.09,307.8,21655.84,13349.489999999998,0.0
"J.B. Northcutt 6H","2023-12-01",6509.369999999999,713.52,243.44,15478.22,4475.6,0.0
"J.B. Northcutt 6H","2024-01-01",-4168.539999999997,936.22,309.99,20310.46,18582.969999999998,3112.42
"J.B. Northcutt 6H","2024-02-01",6146.339999999998,999.34,315.41,21682.02,9241.7,0.0
"J.B. Northcutt 6H","2024-03-01",3366.949999999999,830.0,247.09,18009.9,9414.730000000001,0.0
"J.B. Northcutt 6H","2024-04-01",5952.200000000003,1022.95,288.37,22198.83,9802.539999999999,0.0
"J.B. Northcutt 6H","2024-05-01",6715.630000000003,927.03,281.27,20110.46,7556.839999999998,0.0
"J.B. Northcutt 6H","2024-06-01",1433.2199999999975,836.52,256.05,18148.8,11447.12,0.0
"J.B. Northcutt A 3H","2023-11-01",48.80000000000291,582.45,179.62,12637.63,8992.649999999998,0.0
"J.B. Northcutt A 3H","2023-12-01",14182.999999999998,1099.49,375.12,23851.07,2880.710000000001,0.0
"J.B. Northcutt A 3H","2024-01-01",3467.5099999999984,1138.93,377.11,24708.06,14209.320000000003,1936.38
"J.B. Northcutt A 3H","2024-02-01",3484.9999999999973,601.75,189.92,13055.73,5855.460000000002,0.0
"J.B. Northcutt A 3H","2024-03-01",9099.150000000001,983.96,292.92,21350.65,6176.010000000001,0.0
"J.B. Northcutt A 3H","2024-04-01",9715.390000000003,1053.72,297.04,22866.49,6644.179999999999,0.0
"J.B. Northcutt A 3H","2024-05-01",8454.130000000001,895.3,271.69,19425.18,5443.28,0.0
"J.B. Northcutt A 3H","2024-06-01",2450.6100000000006,698.45,213.78,15152.53,8389.95,0.0
"J.L. New 1H","2023-11-01",8532.580000000002,2367.59,730.13,51370.19,30646.9,0.0
"J.L. New 1H","2023-12-01",27779.749999999996,2166.48,739.15,46997.01,8064.02,0.0
"J.L. New 1H","2024-01-01",34902.44,2878.45,953.08,62445.33,12723.610000000002,0.0
"J.L. New 1H","2024-02-01",30393.61,2380.96,751.46,51657.83,9005.11,0.0
"J.L. New 1H","2024-03-01",30106.16,2320.43,690.78,50350.27,8295.55,0.0
"J.L. New 1H","2024-04-01",42848.35,3017.27,850.56,65477.12,7090.6900000000005,0.0
"J.L. New 1H","2024-05-01",23094.509999999995,2333.6,708.2,50634.45,15523.890000000001,0.0
"J.L. New 1H","2024-06-01",29538.540000000008,2419.99,740.8,52507.75,10508.549999999997,0.0
"Mary B Johnson 1BH","2023-11-01",20557.35,2144.87,661.45,46537.75,12578.769999999999,0.0
"Mary B Johnson 1BH","2023-12-01",25604.45,2076.82,708.56,45051.96,6473.160000000001,0.0
"Mary B Johnson 1BH","2024-01-01",20584.25,2010.64,665.74,43619.13,10473.379999999997,0.0
"Mary B Johnson 1BH","2024-02-01",28657.38,2257.97,712.64,48989.42,6224.23,0.0
"Mary B Johnson 1BH","2024-03-01",28198.659999999996,2179.82,648.92,47336.5,5511.07,0.0
"Mary B Johnson 1BH","2024-04-01",32475.989999999998,2515.71,709.17,54592.89,6400.21,0.0
"Mary B Johnson 1BH","2024-05-01",26913.910000000003,2155.07,653.99,46759.08,6383.33,0.0
"Mary B Johnson 1BH","2024-06-01",17037.160000000003,1776.43,543.7,38537.33,10405.14,2489.91
"Mary B Johnson 4H","2023-11-01",2573.7299999999977,1047.43,323.01,22726.28,13555.529999999999,0.0
"Mary B Johnson 4H","2023-12-01",6936.609999999999,1014.19,346.02,22000.71,8677.52,0.0
"Mary B Johnson 4H","2024-01-01",5675.120000000001,981.88,325.11,21300.99,9442.380000000001,0.0
"Mary B Johnson 4H","2024-02-01",9433.87,1102.66,348.01,23923.52,7544.76,0.0
"Mary B Johnson 4H","2024-03-01",13781.170000000002,1064.49,316.89,23118.13,2628.5899999999992,0.0
"Mary B Johnson 4H","2024-04-01",10460.599999999999,1228.52,346.32,26659.93,8462.45,0.0
"Mary B Johnson 4H","2024-05-01",7966.67,1052.37,319.37,22834.2,8240.79,0.0
"Mary B Johnson 4H","2024-06-01",6186.019999999999,867.35,265.51,18819.3,7171.790000000001,1217.21
"Mary B Johnson 5H","2023-11-01",2408.9800000000014,960.44,296.19,20838.97,12380.57,0.0
"Mary B Johnson 5H","2023-12-01",7753.879999999999,929.97,317.28,20173.66,6563.440000000002,0.0
"Mary B Johnson 5H","2024-01-01",5041.659999999996,900.34,298.11,19532.05,8820.150000000001,0.0
"Mary B Johnson 5H","2024-02-01",8891.02,1011.09,319.11,21936.79,6677.860000000001,0.0
"Mary B Johnson 5H","2024-03-01",10278.900000000001,976.09,290.58,21204.59,4772.799999999999,0.0
"Mary B Johnson 5H","2024-04-01",14629.660000000003,1126.5,317.56,24445.95,2721.89,-4005.26
"Mary B Johnson 5H","2024-05-01",7233.880000000001,964.97,292.85,20937.93,7627.74,0.0
"Mary B Johnson 5H","2024-06-01",3998.4300000000003,795.32,243.46,17256.45,8250.060000000001,1115.47
"Mary B Johnson 6H","2023-11-01",-343.580000000009,2129.65,656.75,46207.47,33137.39000000001,13417.39
"Mary B Johnson 6H","2023-12-01",17539.02,2062.08,703.53,44732.23,14207.530000000002,0.0
"Mary B Johnson 6H","2024-01-01",14729.530000000002,1996.37,661.02,43309.55,16007.490000000002,0.0
"Mary B Johnson 6H","2024-02-01",21424.870000000003,2241.94,707.58,48641.73,13096.54,0.0
"Mary B Johnson 6H","2024-03-01",26532.74,2164.35,644.32,47004.63,6832.189999999999,0.0
"Mary B Johnson 6H","2024-04-01",23955.630000000005,2497.85,704.14,54205.44,14519.159999999998,0.0
"Mary B Johnson 6H","2024-05-01",17516.94000000001,2139.88,649.35,46427.25,15436.579999999996,0.0
"Mary B Johnson 6H","2024-06-01",15451.110000000006,1763.73,539.84,38263.79,11707.999999999995,2031.15
"Mary B Johnson 7H","2023-11-01",3553.2199999999993,966.24,297.97,20964.79,11326.010000000002,0.0
"Mary B Johnson 7H","2023-12-01",8608.800000000001,935.59,319.2,20295.46,5794.939999999999,0.0
"Mary B Johnson 7H","2024-01-01",7228.65,905.77,299.91,19649.98,6716.99,0.0
"Mary B Johnson 7H","2024-02-01",10357.470000000003,1017.19,321.04,22069.24,5305.359999999999,0.0
"Mary B Johnson 7H","2024-03-01",18241.81,981.99,292.33,21329.08,-3101.86,0.0
"Mary B Johnson 7H","2024-04-01",12036.880000000001,1133.3,319.47,24593.55,5419.549999999999,0.0
"Mary B Johnson 7H","2024-05-01",9278.789999999999,970.88,294.62,21064.57,5672.6,0.0
"Mary B Johnson 7H","2024-06-01",13203.640000000001,800.19,244.93,17360.88,-881.0999999999997,1122.86
"Merriweather South 5H","2023-11-01",-3872.8299999999945,1157.84,357.06,25121.89,21702.079999999994,0.0
"Merriweather South 5H","2023-12-01",12444.96,1083.9,369.8,23512.81,4242.080000000001,0.0
"Merriweather South 5H","2024-01-01",2147.9700000000084,1643.59,544.21,35656.37,23157.529999999995,0.0
"Merriweather South 5H","2024-02-01",3911.5499999999956,1190.26,375.66,25824.11,14416.030000000002,0.0
"Merriweather South 5H","2024-03-01",6946.389999999999,1153.47,343.38,25028.62,10816.689999999999,0.0
"Merriweather South 5H","2024-04-01",10437.03,1336.8,376.84,29009.6,10151.449999999999,0.0
"Merriweather South 5H","2024-05-01",13031.280000000002,1660.91,504.05,36038.26,12545.399999999998,0.0
"Merriweather South 5H","2024-06-01",5470.0,1193.33,365.3,25892.39,12906.07,0.0
"Mose Baggett A 1H","2023-11-01",5004.110000000002,1179.24,363.66,25586.25,13154.769999999999,0.0
"Mose Baggett A 1H","2023-12-01",7126.189999999999,1022.85,348.97,22188.39,8621.010000000002,0.0
"Mose Baggett A 1H","2024-01-01",12242.070000000002,1583.83,524.42,34359.75,12143.179999999998,0.0
"Mose Baggett A 1H","2024-02-01",11468.4,1314.61,414.91,28522.28,8774.01,0.0
"Mose Baggett A 1H","2024-03-01",14093.699999999997,1378.6,410.4,29913.64,7136.34,0.0
"Mose Baggett A 1H","2024-04-01",9121.709999999995,1163.58,328.01,25250.6,8799.010000000002,0.0
"Mose Baggett A 1H","2024-05-01",14014.159999999998,1518.49,460.81,32946.63,9368.37,0.0
"Mose Baggett A 1H","2024-06-01",3361.24,1014.22,310.47,22006.05,12256.71,0.0
"Moses Baggett 2H","2023-11-01",11508.37999999999,2596.61,800.76,56339.3,28798.58000000001,0.0
"Moses Baggett 2H","2023-12-01",2417.7100000000064,2220.69,757.64,48172.88,32046.459999999992,0.0
"Moses Baggett 2H","2024-01-01",23931.46,2857.3,946.08,61986.73,20415.700000000004,0.0
"Moses Baggett 2H","2024-02-01",-28903.640000000007,2218.48,700.18,48132.72,63339.39000000001,41414.44
"Moses Baggett 2H","2024-03-01",26826.800000000007,2701.62,804.26,58621.58,15113.249999999996,0.0
"Moses Baggett 2H","2024-04-01",22967.290000000005,2996.01,844.57,65015.9,23547.599999999995,0.0
"Moses Baggett 2H","2024-05-01",15049.030000000002,2827.21,857.99,61344.4,28838.850000000002,4292.82
"Moses Baggett 2H","2024-06-01",19626.910000000003,2558.51,783.2,55513.36,20089.269999999997,0.0
"Moses Baggett 3H","2023-11-01",1405.9799999999996,1563.35,482.11,33920.35,22861.94,0.0
"Moses Baggett 3H","2023-12-01",2246.9400000000023,1337.02,456.16,29003.57,18502.98,0.0
"Moses Baggett 3H","2024-01-01",11663.810000000005,1720.3,569.61,37320.51,15036.41,0.0
"Moses Baggett 3H","2024-02-01",3822.0499999999993,1335.69,421.56,28979.39,16910.71,0.0
"Moses Baggett 3H","2024-03-01",15739.600000000002,1626.57,484.22,35294.45,9511.299999999996,0.0
"Moses Baggett 3H","2024-04-01",10433.100000000002,1803.82,508.49,39144.29,17572.17,0.0
"Moses Baggett 3H","2024-05-01",5316.240000000002,1702.18,516.58,36933.78,21107.389999999996,2584.49
"Moses Baggett 3H","2024-06-01",9541.970000000008,1540.48,471.55,33423.01,14369.929999999993,0.0
"Moses Watson 1H","2023-11-01",5777.409999999996,1623.25,500.58,35219.92,19218.620000000003,0.0
"Moses Watson 1H","2023-12-01",18214.450000000004,1461.11,498.5,31695.56,4280.05,0.0
"Moses Watson 1H","2024-01-01",6443.200000000001,1624.27,537.81,35237.12,18564.81,0.0
"Moses Watson 1H","2024-02-01",16817.409999999996,1988.14,627.48,43135.08,13795.820000000002,0.0
"Moses Watson 1H","2024-03-01",13350.299999999992,1661.68,494.67,36056.34,12239.360000000004,0.0
"Moses Watson 1H","2024-04-01",15049.849999999993,1916.19,540.17,41583.06,14462.310000000003,0.0
"Moses Watson 1H","2024-05-01",11411.660000000002,1764.13,535.38,38277.96,15754.6,0.0
"Moses Watson 1H","2024-06-01",12695.269999999995,1820.38,557.25,39497.84,15336.710000000001,0.0
"Moses Watson 2H","2023-11-01",-7079.940000000002,1097.26,338.38,23807.46,23976.25,0.0
"Moses Watson 2H","2023-12-01",11696.380000000001,987.66,336.97,21425.11,3509.0600000000004,0.0
"Moses Watson 2H","2024-01-01",-12094.07999999999,1097.95,363.54,23819.08,28998.649999999994,0.0
"Moses Watson 2H","2024-02-01",3336.8199999999997,1343.91,424.16,29157.83,17356.75,0.0
"Moses Watson 2H","2024-03-01",-13.589999999996508,1123.24,334.38,24372.84,17311.219999999998,0.0
"Moses Watson 2H","2024-04-01",2258.800000000003,1295.28,365.14,28108.72,17690.449999999997,0.0
"Moses Watson 2H","2024-05-01",-304.55999999999403,1192.49,361.9,25874.58,18668.109999999997,0.0
"Moses Watson 2H","2024-06-01",-29881.95,1230.52,376.68,26699.18,48830.57,30746.15
"Moses Watson 3H","2023-11-01",13529.339999999997,2671.17,823.75,57956.9,27603.21,0.0
"Moses Watson 3H","2023-12-01",30570.839999999997,2404.37,820.31,52157.31,6445.35,0.0
"Moses Watson 3H","2024-01-01",2659.769999999997,2672.85,885.01,57985.21,38492.57000000001,0.0
"Moses Watson 3H","2024-02-01",24105.259999999995,3271.62,1032.56,70981.86,26271.090000000004,0.0
"Moses Watson 3H","2024-03-01",18702.399999999994,2734.42,814.02,59333.29,23407.130000000005,0.0
"Moses Watson 3H","2024-04-01",22090.079999999994,3153.23,888.89,68427.9,26474.25,0.0
"Moses Watson 3H","2024-05-01",15513.389999999992,2903.01,881.0,62989.12,29190.700000000004,0.0
"Moses Watson 3H","2024-06-01",17353.15,2995.56,917.0,64996.68,28775.68,0.0
"Northcutt Dye 1H","2023-11-01",1960.7400000000016,683.22,210.7,14824.04,8559.92,0.0
"Northcutt Dye 1H","2023-12-01",3009.6399999999994,617.21,210.58,13388.91,6492.4400000000005,0.0
"Northcutt Dye 1H","2024-01-01",1369.9199999999973,559.21,185.16,12131.65,7262.070000000001,0.0
"Northcutt Dye 1H","2024-02-01",4353.259999999998,686.18,216.57,14887.52,6239.680000000002,0.0
"Northcutt Dye 1H","2024-03-01",6426.19,602.2,179.27,13066.99,2871.5999999999995,0.0
"Northcutt Dye 1H","2024-04-01",4308.82,699.96,197.32,15189.65,6499.27,0.0
"Northcutt Dye 1H","2024-05-01",3705.4299999999985,674.3,204.64,14630.97,6705.08,0.0
"Northcutt Dye 1H","2024-06-01",2180.129999999999,644.61,197.3,13984.27,7770.200000000001,784.35
"Northcutt Dye 2H","2023-11-01",17534.009999999995,1778.64,548.51,38591.59,9854.769999999999,0.0
"Northcutt Dye 2H","2023-12-01",17224.129999999997,1606.78,548.19,34855.49,7512.639999999999,0.0
"Northcutt Dye 2H","2024-01-01",12968.7,1455.81,482.03,31582.46,9503.419999999998,0.0
"Northcutt Dye 2H","2024-02-01",20576.270000000004,1786.34,563.79,38756.83,7000.8099999999995,0.0
"Northcutt Dye 2H","2024-03-01",20332.02,1567.72,466.7,34017.42,3872.7900000000013,0.0
"Northcutt Dye 2H","2024-04-01",20824.03,1822.21,513.68,39543.39,7312.949999999999,0.0
"Northcutt Dye 2H","2024-05-01",19541.729999999996,1755.42,532.73,38088.96,7560.250000000002,0.0
"Northcutt Dye 2H","2024-06-01",16382.240000000005,1677.89,513.63,36406.03,9522.249999999996,2042.24
"Northcutt Dye 3H","2023-11-01",7679.710000000001,1060.65,327.09,23013.13,8652.98,0.0
"Northcutt Dye 3H","2023-12-01",7570.080000000003,958.16,326.9,20785.2,7181.2,0.0
"Northcutt Dye 3H","2024-01-01",5629.9800000000005,868.14,287.45,18833.41,7770.579999999999,0.0
"Northcutt Dye 3H","2024-02-01",10106.879999999996,1065.24,336.2,23111.67,6338.0700000000015,0.0
"Northcutt Dye 3H","2024-03-01",11295.869999999999,934.87,278.31,20285.44,3138.2400000000007,0.0
"Northcutt Dye 3H","2024-04-01",10414.98,1086.63,306.32,23580.71,6363.849999999999,0.0
"Northcutt Dye 3H","2024-05-01",9474.580000000002,1046.8,317.68,22713.4,6687.0,0.0
"Northcutt Dye 3H","2024-06-01",8135.0700000000015,1000.57,306.29,21709.83,7312.370000000001,1206.11
"R.W. Carter 4BH","2023-11-01",3616.4699999999993,583.55,179.96,12661.55,5575.68,0.0
"R.W. Carter 4BH","2023-12-01",2985.4900000000007,545.32,186.05,11829.52,5602.53,0.0
"R.W. Carter 4BH","2024-01-01",6313.499999999998,825.86,273.45,17916.3,6693.4400000000005,0.0
"R.W. Carter 4BH","2024-02-01",7980.539999999998,893.09,281.87,19376.67,6086.69,0.0
"R.W. Carter 4BH","2024-03-01",5240.280000000001,566.21,168.56,12286.17,3679.39,0.0
"R.W. Carter 4BH","2024-04-01",5987.97,740.23,208.67,16063.67,5674.19,0.0
"R.W. Carter 4BH","2024-05-01",7909.6799999999985,917.79,278.53,19914.17,6547.82,0.0
"R.W. Carter 4BH","2024-06-01",4873.079999999998,683.01,209.08,14819.55,5885.740000000002,0.0
"R.W. Carter 5BH","2023-11-01",2232.0,581.09,179.2,12608.08,6731.280000000001,0.0
"R.W. Carter 5BH","2023-12-01",8276.29,927.27,316.36,20114.96,6023.609999999999,0.0
"R.W. Carter 5BH","2024-01-01",3131.050000000002,612.94,202.95,13297.18,6322.049999999998,0.0
"R.W. Carter 5BH","2024-02-01",8532.339999999997,901.39,284.49,19556.78,5370.830000000002,0.0
"R.W. Carter 5BH","2024-03-01",7520.63,721.78,214.87,15661.66,3613.5199999999995,0.0
"R.W. Carter 5BH","2024-04-01",4834.580000000002,636.4,179.4,13810.42,4983.569999999998,0.0
"R.W. Carter 5BH","2024-05-01",5685.969999999998,743.51,225.64,16132.67,5782.990000000001,0.0
"R.W. Carter 5BH","2024-06-01",8159.0599999999995,853.75,261.35,18524.43,5010.24,0.0
"Salt Flat Field","2023-11-01",0.0,0.0,0.0,0.0,0.0,0.0
"Salt Flat Field","2023-12-01",0.0,0.0,0.0,0.0,0.0,0.0
"Salt Flat Field","2024-01-01",0.0,0.0,0.0,0.0,0.0,0.0
"Salt Flat Field","2024-02-01",0.0,0.0,0.0,0.0,0.0,0.0
"Salt Flat Field","2024-03-01",-25000.0,0.0,0.0,0.0,25000.0,0.0
"Salt Flat Field","2024-04-01",-25000.0,0.0,0.0,0.0,25000.0,0.0
"Salt Flat Field","2024-05-01",0.0,0.0,0.0,0.0,0.0,0.0
"Salt Flat Field","2024-06-01",0.0,0.0,0.0,0.0,0.0,0.0
"Smith B Unit 2H","2023-11-01",-1417.6599999999999,626.86,193.31,13601.16,11065.48,0.0
"Smith B Unit 2H","2023-12-01",2455.84,376.59,128.48,8169.12,3338.66,0.0
"Smith B Unit 2H","2024-01-01",2932.93,403.34,133.55,8750.0,3273.5800000000004,0.0
"Smith B Unit 2H","2024-02-01",-29604.7,831.56,262.45,18041.7,42402.36,35413.46
"Smith B Unit 2H","2024-03-01",6056.169999999998,685.94,204.2,14884.06,4501.59,0.0
"Smith B Unit 2H","2024-04-01",4678.790000000004,761.23,214.59,16519.38,7039.099999999999,0.0
"Smith B Unit 2H","2024-05-01",3588.9299999999994,740.24,224.65,16061.99,7804.44,0.0
"Smith B Unit 2H","2024-06-01",4235.860000000001,726.85,222.46,15767.96,6948.829999999998,0.0
"Smith B Unit 3H","2023-11-01",6168.609999999997,1156.92,356.78,25101.85,11643.95,0.0
"Smith B Unit 3H","2023-12-01",5754.789999999999,695.01,237.12,15076.65,4943.630000000001,0.0
"Smith B Unit 3H","2024-01-01",4512.019999999996,744.38,246.47,16148.72,6947.060000000002,0.0
"Smith B Unit 3H","2024-02-01",16837.280000000002,1534.7,484.37,33297.17,6790.549999999999,0.0
"Smith B Unit 3H","2024-03-01",14284.190000000002,1265.96,376.87,27469.55,5208.389999999999,0.0
"Smith B Unit 3H","2024-04-01",14985.869999999999,1404.91,396.04,30487.64,6648.610000000001,0.0
"Smith B Unit 3H","2024-05-01",11608.619999999999,1366.07,414.61,29643.51,9426.759999999998,0.0
"Smith B Unit 3H","2024-06-01",17170.340000000004,1341.22,410.57,29100.99,3480.0200000000004,0.0
"Smith Heirs Lease","2023-11-01",-700.0,0.0,0.0,0.0,700.0,0.0
"Smith Heirs Lease","2023-12-01",-700.0,0.0,0.0,0.0,700.0,0.0
"Smith Heirs Lease","2024-01-01",-700.0,0.0,0.0,0.0,700.0,0.0
"Smith Heirs Lease","2024-02-01",-1075.0,0.0,0.0,0.0,1075.0,0.0
"Smith Heirs Lease","2024-03-01",-700.0,0.0,0.0,0.0,700.0,0.0
"Smith Heirs Lease","2024-04-01",-343.0,0.0,0.0,0.0,343.0,0.0
"Smith Heirs Lease","2024-05-01",-343.0,0.0,0.0,0.0,343.0,0.0
"Smith Heirs Lease","2024-06-01",-343.0,0.0,0.0,0.0,343.0,0.0
"Smith Northcutt 2H","2023-11-01",798.1200000000026,2381.44,734.4,51670.62,35832.24,0.0
"Smith Northcutt 2H","2023-12-01",30891.83,2717.54,927.16,58951.14,10899.359999999999,0.0
"Smith Northcutt 2H","2024-01-01",29433.809999999998,3426.18,1134.44,74327.95,23258.269999999997,0.0
"Smith Northcutt 2H","2024-02-01",21689.37,2362.07,745.5,51248.13,14641.27,0.0
"Smith Northcutt 2H","2024-03-01",44468.380000000005,3521.02,1048.19,76401.52,9694.210000000001,0.0
"Smith Northcutt 2H","2024-04-01",36763.81999999999,3212.9,905.71,69722.64,12664.179999999998,0.0
"Smith Northcutt 2H","2024-05-01",22815.39,2843.99,863.09,61708.69,20931.120000000003,0.0
"Smith Northcutt 2H","2024-06-01",29569.000000000007,2840.7,869.59,61636.37,14126.269999999995,0.0
"Tiller Briscoe 9H","2023-11-01",-4197.420000000002,1213.29,374.16,26325.0,22880.61,2397.18
"Tiller Briscoe 9H","2023-12-01",-3523.8300000000054,1082.35,369.27,23479.11,20187.160000000003,3891.04
"Tiller Briscoe 9H","2024-01-01",2982.0700000000033,1417.17,469.24,30744.38,18837.339999999997,1348.8
"Tiller Briscoe 9H","2024-02-01",3419.2300000000014,1197.92,378.08,25990.47,15026.42,0.0
"Tiller Briscoe 9H","2024-03-01",27055.85,1992.08,593.03,43225.35,3621.68,0.0
"Tiller Briscoe 9H","2024-04-01",17819.90999999999,2143.87,604.35,46523.59,15198.650000000001,0.0
"Tiller Briscoe 9H","2024-05-01",6715.32,1492.51,452.92,32382.52,16266.84,0.0
"Tiller Briscoe 9H","2024-06-01",12885.510000000002,1490.86,456.38,32348.13,10072.21,1792.52
"W.H. New 1H","2023-11-01",-3855.1499999999996,584.89,180.37,12690.4,12801.21,0.0
"W.H. New 1H","2023-12-01",6643.3399999999965,1054.45,359.75,22873.81,9481.250000000004,0.0
"W.H. New 1H","2024-01-01",-2068.7700000000004,547.31,181.22,11873.45,10438.790000000003,1678.1
"W.H. New 1H","2024-02-01",894.0599999999995,600.38,189.49,13026.17,8288.51,0.0
"W.H. New 1H","2024-03-01",16536.21,1603.58,477.38,34795.75,7992.749999999998,0.0
"W.H. New 1H","2024-04-01",-50806.3,448.28,126.37,9728.11,57664.14,50710.01
"W.H. New 1H","2024-05-01",10112.32,778.54,236.27,16892.69,1796.1,0.0
"W.H. New 1H","2024-06-01",-11822.739999999994,718.51,219.95,15590.01,22812.819999999996,0.0
"W.H. New 2H","2023-11-01",8636.910000000003,1375.92,424.31,29853.59,12578.899999999998,0.0
"W.H. New 2H","2023-12-01",15319.299999999997,1542.69,526.33,33465.29,8463.03,0.0
"W.H. New 2H","2024-01-01",7506.960000000003,1278.31,423.26,27731.9,12200.969999999998,3260.43
"W.H. New 2H","2024-02-01",14864.009999999997,1490.3,470.36,32333.88,8114.390000000001,0.0
"W.H. New 2H","2024-03-01",16177.140000000001,1633.13,486.17,35436.72,9006.58,0.0
"W.H. New 2H","2024-04-01",14342.849999999999,1468.06,413.84,31858.12,8297.66,0.0
"W.H. New 2H","2024-05-01",21755.46,1588.1,481.99,34461.07,2734.9100000000003,0.0
"W.H. New 2H","2024-06-01",1730.6900000000023,1157.42,354.23,25107.54,16112.150000000001,0.0
"W.H. New 3H","2023-11-01",3533.300000000001,1060.68,327.1,23013.82,12821.91,0.0
"W.H. New 3H","2023-12-01",9182.859999999997,1189.25,405.74,25798.05,9150.61,0.0
"W.H. New 3H","2024-01-01",3625.3099999999995,985.44,326.29,21378.23,11567.11,2513.43
"W.H. New 3H","2024-02-01",9377.08,1148.86,362.59,24925.86,8336.78,0.0
"W.H. New 3H","2024-03-01",10886.500000000002,1258.96,374.79,27317.8,8527.249999999998,0.0
"W.H. New 3H","2024-04-01",8268.929999999998,1131.71,319.03,24559.09,9184.520000000002,0.0
"W.H. New 3H","2024-05-01",16407.89,1224.26,371.56,26565.7,2471.49,0.0
"W.H. New 3H","2024-06-01",-2917.4199999999983,891.93,273.07,19355.29,16672.62,0.0
"Wilson Malone 2H","2023-11-01",-96.89,0.0,0.0,0.0,96.89,0.0
"Wilson Malone 2H","2023-12-01",0.0,0.0,0.0,0.0,0.0,0.0
"Wilson Malone 2H","2024-01-01",0.0,0.0,0.0,0.0,0.0,0.0
"Wilson Malone 2H","2024-02-01",0.0,0.0,0.0,0.0,0.0,0.0
"Wilson Malone 2H","2024-03-01",3506.6600000000008,285.83,85.09,6202.13,895.0,0.0
"Wilson Malone 2H","2024-04-01",0.0,0.0,0.0,0.0,0.0,0.0
"Wilson Malone 2H","2024-05-01",0.0,0.0,0.0,0.0,0.0,0.0
"Wilson Malone 2H","2024-06-01",0.0,0.0,0.0,0.0,0.0,0.0
"Addie Hinds 1H","2024-07-01",8548.79,1159.96,346.62,25170.49,9315.0,0.0
"Addie Hinds 1H","2024-08-01",5711.6500000000015,1113.91,355.18,24167.22,11440.0,0.0
"Addie Hinds 1H","2024-09-01",4657.370000000003,1049.58,366.4,22766.36,11499.92,0.0
"Addie Hinds 1H","2024-10-01",6243.060000000001,996.65,321.34,21620.86,9101.35,0.0
"Addie Hinds 1H","2024-11-01",8572.179999999997,1033.05,345.91,22409.98,7332.260000000001,0.0
"Addie Hinds 1H","2024-12-01",8789.93,986.75,330.65,21405.22,11628.54,0.0
"Addie Hinds 2H","2024-07-01",9176.609999999997,1261.06,376.81,27363.12,10243.25,0.0
"Addie Hinds 2H","2024-08-01",5946.310000000001,1210.94,386.11,26272.45,12699.43,0.0
"Addie Hinds 2H","2024-09-01",4697.77,1139.0,397.64,24706.89,12836.66,0.0
"Addie Hinds 2H","2024-10-01",6641.800000000001,1083.39,349.34,23504.58,10039.49,0.0
"Addie Hinds 2H","2024-11-01",9025.940000000002,1123.12,376.05,24362.11,8263.869999999999,0.0
"Addie Hinds 2H","2024-12-01",9401.6,1072.66,359.47,23269.86,12795.6,0.0
"Briscoe Dickerson 1H","2024-07-01",-16230.239999999996,575.16,171.86,12480.2,24890.219999999998,5218.0
"Briscoe Dickerson 1H","2024-08-01",-827.409999999998,923.15,294.35,20028.49,14725.09,0.0
"Briscoe Dickerson 1H","2024-09-01",-4358.94,100.54,35.1,2180.86,5872.19,0.0
"Briscoe Dickerson 1H","2024-10-01",-8465.35,124.3,40.08,2696.72,10336.61,3288.0
"Briscoe Dickerson 1H","2024-11-01",-6410.750000000002,117.96,39.5,2559.0,8186.450000000002,0.0
"Briscoe Dickerson 1H","2024-12-01",-539.3600000000004,0.0,0.0,0.0,539.3600000000004,0.0
"Briscoe Dickerson 2H","2024-07-01",0.0,0.0,0.0,0.0,0.0,0.0
"Briscoe Dickerson 2H","2024-08-01",0.0,0.0,0.0,0.0,0.0,0.0
"Briscoe Dickerson 2H","2024-09-01",-2985.64,0.0,0.0,0.0,2985.64,0.0
"Briscoe Dickerson 2H","2024-10-01",-2804.7,0.0,0.0,0.0,2804.7,0.0
"Briscoe Dickerson 2H","2024-11-01",0.0,0.0,0.0,0.0,0.0,0.0
"Briscoe Dickerson 2H","2024-12-01",0.0,0.0,0.0,0.0,0.0,0.0
"Carter Unit 7H","2024-07-01",4239.029999999999,1659.05,495.69,35996.02,21307.68,3621.1
"Carter Unit 7H","2024-08-01",11817.109999999999,1641.33,523.34,35610.0,13455.51,0.0
"Carter Unit 7H","2024-09-01",4724.239999999998,1382.52,482.66,29989.21,16559.120000000003,0.0
"Carter Unit 7H","2024-10-01",11547.19,1769.13,570.45,38381.97,15692.799999999997,0.0
"Carter Unit 7H","2024-11-01",6804.859999999999,1395.01,467.11,30261.93,14672.140000000001,0.0
"Carter Unit 7H","2024-12-01",19069.299999999996,1675.03,561.33,36337.49,15593.160000000003,0.0
"Carter Unit 8H","2024-07-01",-840.9200000000019,1253.81,374.64,27205.91,20149.3,0.0
"Carter Unit 8H","2024-08-01",2541.34,1240.5,395.52,26910.72,16557.28,0.0
"Carter Unit 8H","2024-09-01",-3686.109999999997,1044.92,364.8,22665.93,19772.19,0.0
"Carter Unit 8H","2024-10-01",1553.1799999999967,1337.12,431.15,29009.1,19034.800000000003,0.0
"Carter Unit 8H","2024-11-01",-1773.3599999999988,1054.32,353.05,22872.05,18005.789999999997,0.0
"Carter Unit 8H","2024-12-01",8322.459999999995,1266.0,424.26,27463.98,17875.520000000004,0.0
"Conley Hickman 2H","2024-07-01",-17403.35,0.0,0.0,0.0,17403.35,5697.98
"Conley Hickman 2H","2024-08-01",-1504.37,0.0,0.0,0.0,1504.37,0.0
"Conley Hickman 2H","2024-09-01",-1225.0,0.0,0.0,0.0,1225.0,0.0
"Conley Hickman 2H","2024-10-01",-310.09000000000003,0.0,0.0,0.0,310.09000000000003,0.0
"Conley Hickman 2H","2024-11-01",0.0,0.0,0.0,0.0,0.0,0.0
"Conley Hickman 2H","2024-12-01",-3165.79,0.0,0.0,0.0,3165.79,0.0
"Cora Malone 1H","2024-07-01",8004.1600000000035,1814.32,542.12,39368.07,19935.829999999998,0.0
"Cora Malone 1H","2024-08-01",5967.240000000005,1625.02,518.14,35256.16,19054.269999999997,0.0
"Cora Malone 1H","2024-09-01",1633.8200000000033,1432.5,500.11,31073.43,20419.059999999998,0.0
"Cora Malone 1H","2024-10-01",3107.309999999994,1469.14,473.72,31873.56,19513.640000000003,0.0
"Cora Malone 1H","2024-11-01",3557.170000000002,1423.51,476.67,30881.04,18359.159999999996,0.0
"Cora Malone 1H","2024-12-01",13139.799999999996,1491.06,499.68,32346.56,17715.700000000004,0.0
"Cora Malone 3H","2024-07-01",5790.569999999996,1128.47,337.22,24488.8,11589.52,0.0
"Cora Malone 3H","2024-08-01",4571.139999999998,1010.84,322.31,21930.93,10993.380000000003,0.0
"Cora Malone 3H","2024-09-01",2074.2999999999993,891.08,311.09,19329.25,11643.730000000001,0.0
"Cora Malone 3H","2024-10-01",2704.3700000000026,913.8,294.68,19826.77,11366.939999999999,0.0
"Cora Malone 3H","2024-11-01",3363.329999999998,885.49,296.51,19209.29,10269.550000000003,0.0
"Cora Malone 3H","2024-12-01",9177.89,927.51,310.82,20121.03,10015.630000000001,0.0
"Cora Malone 4H","2024-07-01",21115.270000000004,2764.58,826.06,59987.34,21458.519999999997,0.0
"Cora Malone 4H","2024-08-01",16994.03,2476.14,789.53,53721.79,21132.71,0.0
"Cora Malone 4H","2024-09-01",3803.5600000000013,2178.66,760.64,47261.07,29737.739999999994,0.0
"Cora Malone 4H","2024-10-01",7913.860000000001,2238.62,721.83,48567.56,26554.82,0.0
"Cora Malone 4H","2024-11-01",11296.279999999999,2169.08,726.33,47055.17,22099.010000000002,0.0
"Cora Malone 4H","2024-12-01",29538.8,2272.02,761.39,49288.27,17477.45,0.0
"Davis B Wilson 2H","2024-07-01",6299.860000000001,1520.04,454.19,32982.57,17108.239999999998,8496.78
"Davis B Wilson 2H","2024-08-01",11934.57,1158.77,369.48,25140.41,5907.77,0.0
"Davis B Wilson 2H","2024-09-01",10126.88,962.73,336.11,20883.28,4694.08,0.0
"Davis B Wilson 2H","2024-10-01",11537.3,1275.99,411.44,27683.07,8109.610000000001,0.0
"Davis B Wilson 2H","2024-11-01",9211.020000000002,999.28,334.62,21678.06,6173.99,0.0
"Davis B Wilson 2H","2024-12-01",21216.47,1132.66,379.58,24572.13,2223.0000000000005,0.0
"Davis B Wilson 3H","2024-07-01",19343.48,1740.97,520.21,37776.63,7467.090000000001,0.0
"Davis B Wilson 3H","2024-08-01",15170.660000000002,1327.2,423.18,28794.6,5265.1,0.0
"Davis B Wilson 3H","2024-09-01",11099.709999999995,1099.58,383.88,23851.76,5827.88,0.0
"Davis B Wilson 3H","2024-10-01",16978.36,1461.46,471.24,31706.8,5524.1,0.0
"Davis B Wilson 3H","2024-11-01",11931.420000000002,1144.53,383.25,24829.0,5689.879999999998,0.0
"Davis B Wilson 3H","2024-12-01",21703.12,1297.33,434.78,28143.72,5143.27,0.0
"Davis B Wilson 4H","2024-07-01",14266.359999999997,1944.91,581.14,42201.68,15684.630000000001,3671.91
"Davis B Wilson 4H","2024-08-01",14937.4,1482.66,472.75,32167.52,7892.1900000000005,0.0
"Davis B Wilson 4H","2024-09-01",12464.06,1231.83,430.05,26720.47,6499.42,0.0
"Davis B Wilson 4H","2024-10-01",13693.86,1632.65,526.44,35420.85,11444.48,0.0
"Davis B Wilson 4H","2024-11-01",10400.26,1278.6,428.15,27737.41,9285.1,0.0
"Davis B Wilson 4H","2024-12-01",26936.56,1449.29,485.68,31440.4,3054.549999999999,0.0
"Davis B Wilson 5H","2024-07-01",23210.03,2673.4,798.82,58008.96,17959.65,0.0
"Davis B Wilson 5H","2024-08-01",18169.86,2038.01,649.83,44216.36,13210.769999999999,0.0
"Davis B Wilson 5H","2024-09-01",16873.180000000004,1688.51,589.49,36626.62,9120.75,0.0
"Davis B Wilson 5H","2024-10-01",14023.349999999991,2244.21,723.64,48688.82,20531.370000000003,0.0
"Davis B Wilson 5H","2024-11-01",12267.240000000003,1757.51,588.51,38126.87,14791.540000000003,0.0
"Davis B Wilson 5H","2024-12-01",36350.31,1992.15,667.6,43216.88,4874.419999999998,0.0
"Floy Gray 1H","2024-07-01",34552.08000000001,2860.55,854.74,62069.83,10810.56,0.0
"Floy Gray 1H","2024-08-01",34146.75,2786.6,888.52,60457.51,10037.19,0.0
"Floy Gray 1H","2024-09-01",21082.389999999992,1992.75,695.7,43226.13,10508.12,0.0
"Floy Gray 1H","2024-10-01",27980.579999999994,2651.25,854.89,57519.77,14056.39,3355.61
"Floy Gray 1H","2024-11-01",26143.68,2316.12,775.56,50244.9,10576.44,0.0
"Floy Gray 1H","2024-12-01",21897.079999999998,2347.75,786.77,50931.06,26686.23,0.0
"Floy Gray 2H","2024-07-01",13020.709999999995,1226.43,366.46,26611.76,6427.97,0.0
"Floy Gray 2H","2024-08-01",12828.789999999999,1194.72,380.94,25920.5,6114.620000000001,0.0
"Floy Gray 2H","2024-09-01",6981.52,854.37,298.28,18532.73,6562.5599999999995,0.0
"Floy Gray 2H","2024-10-01",10000.91,1136.69,366.52,24660.97,8022.0,1438.92
"Floy Gray 2H","2024-11-01",9310.07,993.01,332.52,21541.95,6433.3,0.0
"Floy Gray 2H","2024-12-01",17524.74,1006.57,337.32,21836.13,3304.8199999999993,0.0
"Floyd Tiller 10H","2024-07-01",11779.789999999994,2319.83,693.11,50332.2,23941.420000000006,0.0
"Floyd Tiller 10H","2024-08-01",5159.5899999999965,1799.43,573.75,39040.04,22547.380000000005,0.0
"Floyd Tiller 10H","2024-09-01",1951.7899999999972,1693.07,591.08,36725.49,24112.33,0.0
"Floyd Tiller 10H","2024-10-01",2533.430000000004,1664.41,536.65,36107.96,23092.529999999995,0.0
"Floyd Tiller 10H","2024-11-01",2677.269999999997,1659.73,555.77,36005.56,22876.079999999998,0.0
"Floyd Tiller 10H","2024-12-01",3468.930000000004,1566.48,524.95,33982.5,28947.089999999997,0.0
"Floyd Tiller 12H","2024-07-01",889.2699999999977,389.66,116.43,8454.99,5092.6500000000015,0.0
"Floyd Tiller 12H","2024-08-01",-560.6699999999983,302.27,96.38,6558.1,5200.529999999999,0.0
"Floyd Tiller 12H","2024-09-01",-766.3300000000017,283.76,99.01,6151.49,5118.330000000001,0.0
"Floyd Tiller 12H","2024-10-01",-684.829999999999,279.55,90.1,6062.27,4973.7699999999995,0.0
"Floyd Tiller 12H","2024-11-01",-978.6900000000014,278.81,93.36,6048.35,5257.8600000000015,0.0
"Floyd Tiller 12H","2024-12-01",-1094.4000000000005,263.31,88.18,5708.51,6539.6,0.0
"Floyd Tiller 1H","2024-07-01",0.0,0.0,0.0,0.0,0.0,0.0
"Floyd Tiller 1H","2024-08-01",0.0,0.0,0.0,0.0,0.0,0.0
"Floyd Tiller 1H","2024-09-01",0.0,0.0,0.0,0.0,0.0,0.0
"Floyd Tiller 1H","2024-10-01",0.0,0.0,0.0,0.0,0.0,0.0
"Floyd Tiller 1H","2024-11-01",0.0,0.0,0.0,0.0,0.0,0.0
"Floyd Tiller 1H","2024-12-01",0.0,0.0,0.0,0.0,0.0,0.0
"Floyd Tiller 3H","2024-07-01",7126.43,1273.33,380.47,27629.48,12482.54,0.0
"Floyd Tiller 3H","2024-08-01",4143.269999999997,933.08,297.48,20241.6,10222.27,0.0
"Floyd Tiller 3H","2024-09-01",2790.25,873.22,304.86,18941.57,10652.68,0.0
"Floyd Tiller 3H","2024-10-01",3636.549999999994,906.88,292.42,19675.1,10327.060000000003,0.0
"Floyd Tiller 3H","2024-11-01",6173.590000000004,1065.3,356.72,23110.08,10227.689999999999,0.0
"Floyd Tiller 3H","2024-12-01",4154.5,875.2,293.3,18986.34,13956.64,0.0
"Floyd Tiller 5H","2024-07-01",4935.3,613.63,183.35,13314.89,4484.97,0.0
"Floyd Tiller 5H","2024-08-01",2273.87,449.72,143.36,9754.68,4627.46,0.0
"Floyd Tiller 5H","2024-09-01",1836.8300000000008,420.81,146.91,9128.16,4621.2,0.0
"Floyd Tiller 5H","2024-10-01",2309.739999999999,437.04,140.92,9481.65,4398.45,0.0
"Floyd Tiller 5H","2024-11-01",3436.1500000000005,513.38,171.91,11137.09,4443.339999999999,0.0
"Floyd Tiller 5H","2024-12-01",2326.2199999999993,421.93,141.34,9149.73,6401.58,0.0
"Floyd Tiller 6H","2024-07-01",11829.33,1191.2,355.93,25847.4,6457.83,0.0
"Floyd Tiller 6H","2024-08-01",7961.76,924.07,294.64,20048.48,6222.469999999999,0.0
"Floyd Tiller 6H","2024-09-01",6785.28,869.43,303.54,18859.51,6557.62,0.0
"Floyd Tiller 6H","2024-10-01",7180.610000000001,854.85,275.59,18542.2,5937.83,0.0
"Floyd Tiller 6H","2024-11-01",6827.240000000002,852.48,285.41,18490.11,6254.32,0.0
"Floyd Tiller 6H","2024-12-01",6133.069999999998,804.74,269.58,17451.25,10513.44,0.0
"Floyd Tiller 7H","2024-07-01",25245.09,2679.53,800.65,58141.93,16018.91,0.0
"Floyd Tiller 7H","2024-08-01",17638.380000000005,2039.14,650.19,44240.95,13759.729999999998,0.0
"Floyd Tiller 7H","2024-09-01",14903.93,1973.75,689.09,42813.92,15481.25,0.0
"Floyd Tiller 7H","2024-10-01",-5236.419999999998,1454.06,468.84,31545.2,27624.159999999996,3986.0
"Floyd Tiller 7H","2024-11-01",11021.289999999999,1650.29,552.61,35800.94,14386.840000000002,0.0
"Floyd Tiller 7H","2024-12-01",27520.1,1826.5,612.11,39623.22,10276.620000000003,0.0
"Floyd Tiller 9H","2024-07-01",12570.380000000001,1297.66,387.74,28157.28,7350.96,1052.82
"Floyd Tiller 9H","2024-08-01",8831.66,950.8,303.17,20628.42,5762.9,0.0
"Floyd Tiller 9H","2024-09-01",7579.379999999999,889.91,310.68,19303.5,6077.620000000001,0.0
"Floyd Tiller 9H","2024-10-01",8814.650000000001,924.21,298.01,20051.04,5371.399999999999,0.0
"Floyd Tiller 9H","2024-11-01",10901.23,1085.66,363.54,23551.82,5761.649999999999,0.0
"Floyd Tiller 9H","2024-12-01",8675.630000000001,892.01,298.9,19349.13,9781.490000000002,0.0
"J.B. Northcutt 2H","2024-07-01",1038.1100000000006,1201.69,359.07,26074.96,17467.55,5613.36
"J.B. Northcutt 2H","2024-08-01",5908.609999999999,1126.52,359.16,24438.36,11435.4,0.0
"J.B. Northcutt 2H","2024-09-01",5646.080000000002,1083.84,378.39,23510.39,11039.21,0.0
"J.B. Northcutt 2H","2024-10-01",6655.540000000003,1188.01,383.07,25774.18,11636.56,0.0
"J.B. Northcutt 2H","2024-11-01",7774.379999999997,1120.26,375.13,24302.64,9473.390000000003,0.0
"J.B. Northcutt 2H","2024-12-01",11288.099999999999,1197.22,401.21,25971.98,13486.66,0.0
"J.B. Northcutt 6H","2024-07-01",272.20000000000255,865.73,258.68,18785.06,13059.779999999999,4035.63
"J.B. Northcutt 6H","2024-08-01",3453.449999999999,811.5,258.75,17606.36,9041.900000000001,0.0
"J.B. Northcutt 6H","2024-09-01",3685.3600000000006,779.83,272.25,16915.76,8319.759999999998,0.0
"J.B. Northcutt 6H","2024-10-01",4502.32,857.01,276.34,18593.23,8693.390000000001,0.0
"J.B. Northcutt 6H","2024-11-01",5255.719999999999,807.07,270.25,17508.32,7169.9400000000005,0.0
"J.B. Northcutt 6H","2024-12-01",7218.839999999998,862.5,289.04,18710.87,10629.53,0.0
"J.B. Northcutt A 3H","2024-07-01",5223.91,1107.89,331.04,24039.59,11974.810000000001,4146.4
"J.B. Northcutt A 3H","2024-08-01",3576.6800000000003,681.63,217.34,14788.49,7003.43,0.0
"J.B. Northcutt A 3H","2024-09-01",8496.01,994.37,347.13,21568.19,6934.289999999999,0.0
"J.B. Northcutt A 3H","2024-10-01",795.9799999999996,521.05,168.01,11304.3,7291.469999999999,0.0
"J.B. Northcutt A 3H","2024-11-01",974.6100000000006,763.08,255.52,16553.84,10868.439999999999,0.0
"J.B. Northcutt A 3H","2024-12-01",12043.810000000001,979.09,328.11,21239.97,8217.07,0.0
"J.L. New 1H","2024-07-01",35119.39,2756.78,823.73,59817.96,10503.24,0.0
"J.L. New 1H","2024-08-01",25658.479999999996,2192.73,699.16,47573.02,10624.789999999999,0.0
"J.L. New 1H","2024-09-01",25144.790000000005,2186.45,763.33,47427.9,11027.48,0.0
"J.L. New 1H","2024-10-01",31883.159999999993,2538.35,818.48,55070.21,10118.09,0.0
"J.L. New 1H","2024-11-01",20718.53,2014.54,674.58,43702.6,12612.67,0.0
"J.L. New 1H","2024-12-01",17662.989999999998,2229.58,747.17,48367.53,28474.96,0.0
"Mary B Johnson 1BH","2024-07-01",26581.85,2241.36,669.65,48629.04,8046.92,0.0
"Mary B Johnson 1BH","2024-08-01",23379.570000000003,2012.07,641.56,43653.43,7706.029999999999,0.0
"Mary B Johnson 1BH","2024-09-01",17782.15,1700.39,593.64,36884.29,8482.92,0.0
"Mary B Johnson 1BH","2024-10-01",19217.060000000005,1954.45,630.2,42402.29,10977.609999999999,2541.73
"Mary B Johnson 1BH","2024-11-01",22783.16,2001.27,670.14,43414.92,8132.500000000001,0.0
"Mary B Johnson 1BH","2024-12-01",22466.25,1855.8,621.87,40256.36,15934.31,0.0
"Mary B Johnson 4H","2024-07-01",7445.59,1094.43,327.02,23747.52,9410.27,0.0
"Mary B Johnson 4H","2024-08-01",7718.070000000002,982.71,313.3,21318.08,7413.150000000001,0.0
"Mary B Johnson 4H","2024-09-01",4151.0599999999995,830.39,289.88,18011.1,8632.83,0.0
"Mary B Johnson 4H","2024-10-01",4742.989999999998,972.43,313.56,21097.23,10231.490000000002,1242.53
"Mary B Johnson 4H","2024-11-01",6723.289999999999,977.48,327.26,21201.6,8325.15,0.0
"Mary B Johnson 4H","2024-12-01",8720.759999999997,906.2,303.68,19658.68,10031.720000000003,0.0
"Mary B Johnson 5H","2024-07-01",7188.120000000001,1003.54,299.86,21775.41,8267.939999999999,0.0
"Mary B Johnson 5H","2024-08-01",6487.100000000001,901.28,287.28,19547.55,7387.29,0.0
"Mary B Johnson 5H","2024-09-01",4053.390000000002,761.14,265.73,16510.49,7665.44,0.0
"Mary B Johnson 5H","2024-10-01",4937.799999999999,874.9,282.1,18980.71,8534.439999999999,1138.68
"Mary B Johnson 5H","2024-11-01",6432.930000000001,896.14,300.08,19440.61,7365.71,0.0
"Mary B Johnson 5H","2024-12-01",6460.02,830.94,278.46,18026.13,10735.170000000002,0.0
"Mary B Johnson 6H","2024-07-01",14298.84,2225.21,664.9,48283.89,19972.77,4694.05
"Mary B Johnson 6H","2024-08-01",18000.32,1997.79,637.0,43343.62,12764.510000000002,0.0
"Mary B Johnson 6H","2024-09-01",11163.949999999997,1694.9,591.6,36758.03,14925.96,0.0
"Mary B Johnson 6H","2024-10-01",11789.320000000007,1839.79,593.19,39912.44,16539.92,2073.41
"Mary B Johnson 6H","2024-11-01",16233.240000000005,1987.37,665.38,43106.81,14363.119999999995,0.0
"Mary B Johnson 6H","2024-12-01",19095.559999999998,1842.5,617.45,39970.39,19032.33,0.0
"Mary B Johnson 7H","2024-07-01",8645.310000000001,1009.6,301.67,21906.88,6903.98,0.0
"Mary B Johnson 7H","2024-08-01",8941.33,906.65,289.01,19665.48,5016.82,0.0
"Mary B Johnson 7H","2024-09-01",7782.14,770.11,268.86,16704.91,4074.7200000000003,0.0
"Mary B Johnson 7H","2024-10-01",3612.390000000005,897.63,289.38,19470.49,10207.339999999997,1146.23
"Mary B Johnson 7H","2024-11-01",7756.950000000002,901.82,301.89,19557.99,6124.88,0.0
"Mary B Johnson 7H","2024-12-01",13073.810000000001,835.96,280.14,18134.97,4225.2,0.0
"Merriweather South 5H","2024-07-01",4953.080000000004,1205.35,360.16,26154.24,13608.859999999999,0.0
"Merriweather South 5H","2024-08-01",12416.27,1634.88,521.29,35470.19,12757.2,0.0
"Merriweather South 5H","2024-09-01",1863.2300000000014,938.82,327.76,20364.77,12589.7,0.0
"Merriweather South 5H","2024-10-01",5679.249999999998,1311.22,422.8,28447.46,14510.19,0.0
"Merriweather South 5H","2024-11-01",3292.6800000000003,1067.96,357.61,23167.73,13149.57,0.0
"Merriweather South 5H","2024-12-01",3031.9199999999983,1282.63,429.83,27824.74,23510.190000000002,0.0
"Mose Baggett A 1H","2024-07-01",11188.370000000003,1510.56,451.36,32777.05,12073.93,0.0
"Mose Baggett A 1H","2024-08-01",7450.250000000002,1118.26,356.56,24261.45,9768.289999999999,0.0
"Mose Baggett A 1H","2024-09-01",-26295.729999999996,919.29,320.94,19940.94,40447.829999999994,29744.94
"Mose Baggett A 1H","2024-10-01",-1559.329999999998,1363.58,439.68,29583.21,22554.709999999995,12433.23
"Mose Baggett A 1H","2024-11-01",6609.289999999999,1092.26,365.75,23695.07,10207.22,0.0
"Mose Baggett A 1H","2024-12-01",8095.890000000001,1111.73,372.56,24117.41,14909.789999999999,0.0
"Moses Baggett 2H","2024-07-01",26650.45,3103.24,927.26,67335.78,21523.95,0.0
"Moses Baggett 2H","2024-08-01",19908.740000000013,2470.51,787.7,53597.8,18436.729999999996,0.0
"Moses Baggett 2H","2024-09-01",-51839.009999999995,1841.74,642.98,39950.29,80420.37,68655.05
"Moses Baggett 2H","2024-10-01",-23284.92,2062.08,664.87,44734.75,55289.4,28697.46
"Moses Baggett 2H","2024-11-01",13997.189999999999,2198.8,736.28,47700.06,20128.73,0.0
"Moses Baggett 2H","2024-12-01",14024.869999999999,2135.22,715.55,46320.5,30160.41,0.0
"Moses Baggett 3H","2024-07-01",12749.750000000002,1868.37,558.27,40541.04,16254.739999999996,0.0
"Moses Baggett 3H","2024-08-01",9229.72,1487.28,474.26,32270.0,13857.320000000002,0.0
"Moses Baggett 3H","2024-09-01",-32092.390000000007,1107.5,386.65,24023.6,49279.50000000001,41313.18
"Moses Baggett 3H","2024-10-01",-19481.729999999996,1241.45,400.3,26933.62,38750.799999999996,17268.69
"Moses Baggett 3H","2024-11-01",5400.819999999996,1323.84,443.3,28718.91,15145.45,0.0
"Moses Baggett 3H","2024-12-01",3380.5300000000025,1285.55,430.81,27888.31,23222.23,0.0
"Moses Watson 1H","2024-07-01",11832.219999999996,1698.79,507.6,36861.27,14328.63,0.0
"Moses Watson 1H","2024-08-01",10449.170000000006,1546.17,492.97,33543.16,13356.59,0.0
"Moses Watson 1H","2024-09-01",6627.659999999996,1551.72,541.73,33659.51,17260.520000000004,3330.43
"Moses Watson 1H","2024-10-01",6449.549999999994,1478.34,476.69,32073.1,16312.930000000002,824.11
"Moses Watson 1H","2024-11-01",11225.229999999996,1621.34,542.92,35172.84,13737.100000000002,0.0
"Moses Watson 1H","2024-12-01",20948.410000000007,1490.58,499.52,32335.99,9896.999999999996,0.0
"Moses Watson 2H","2024-07-01",-17654.219999999994,1148.32,343.12,24916.95,35338.119999999995,19158.45
"Moses Watson 2H","2024-08-01",1149.5600000000013,1045.17,333.23,22674.08,14942.3,0.0
"Moses Watson 2H","2024-09-01",-1006.0999999999985,1048.91,366.19,22752.67,17153.67,1714.68
"Moses Watson 2H","2024-10-01",-1143.7199999999957,999.31,322.22,21680.31,16530.379999999997,424.3
"Moses Watson 2H","2024-11-01",1145.5200000000004,1095.97,366.99,23775.63,15728.14,0.0
"Moses Watson 2H","2024-12-01",6711.879999999997,1007.58,337.66,21858.02,14138.560000000001,0.0
"Moses Watson 3H","2024-07-01",-8868.230000000003,2795.48,835.3,60657.85,51917.77,28050.4
"Moses Watson 3H","2024-08-01",14533.199999999997,2544.17,811.22,55197.82,24641.11,0.0
"Moses Watson 3H","2024-09-01",8434.820000000003,2553.47,891.46,55389.14,30874.899999999998,5480.89
"Moses Watson 3H","2024-10-01",8526.439999999988,2432.72,784.42,52778.57,28930.820000000007,1356.24
"Moses Watson 3H","2024-11-01",15808.389999999992,2668.04,893.41,57879.43,25268.97,0.0
"Moses Watson 3H","2024-12-01",32475.899999999998,2452.85,821.99,53211.19,18282.440000000006,0.0
"Northcutt Dye 1H","2024-07-01",970.21,564.98,168.79,12256.73,7750.909999999999,0.0
"Northcutt Dye 1H","2024-08-01",3358.379999999999,661.41,210.89,14349.91,6852.1,0.0
"Northcutt Dye 1H","2024-09-01",399.82000000000244,513.71,179.35,11143.25,7528.919999999998,0.0
"Northcutt Dye 1H","2024-10-01",735.9200000000028,546.16,176.11,11849.09,7695.179999999998,800.67
"Northcutt Dye 1H","2024-11-01",1908.25,566.71,189.77,12293.74,6839.24,0.0
"Northcutt Dye 1H","2024-12-01",2711.3599999999997,488.0,163.54,10586.42,7387.06,0.0
"Northcutt Dye 2H","2024-07-01",11745.950000000003,1470.6,439.4,31908.27,10958.139999999998,2139.66
"Northcutt Dye 2H","2024-08-01",-29767.299999999996,1181.3,376.66,25629.24,48003.52,40802.81
"Northcutt Dye 2H","2024-09-01",11355.07,1337.35,466.89,29009.41,9286.060000000001,0.0
"Northcutt Dye 2H","2024-10-01",10648.16,1421.82,458.46,30846.84,11300.579999999998,2084.74
"Northcutt Dye 2H","2024-11-01",13778.07,1475.32,494.02,32004.95,8994.57,0.0
"Northcutt Dye 2H","2024-12-01",14117.009999999998,1270.38,425.74,27559.88,12172.490000000002,0.0
"Northcutt Dye 3H","2024-07-01",5189.709999999999,876.92,262.03,19027.85,8349.43,725.82
"Northcutt Dye 3H","2024-08-01",8669.780000000002,1024.43,326.64,22225.88,7144.799999999999,0.0
"Northcutt Dye 3H","2024-09-01",5721.910000000002,883.26,308.36,19159.4,7910.5599999999995,0.0
"Northcutt Dye 3H","2024-10-01",4229.420000000002,847.87,273.39,18394.78,8859.279999999999,1231.2
"Northcutt Dye 3H","2024-11-01",5722.059999999999,879.77,294.6,19085.35,7857.829999999999,0.0
"Northcutt Dye 3H","2024-12-01",6631.98,757.58,253.88,16434.57,9045.01,0.0
"R.W. Carter 4BH","2024-07-01",2310.949999999999,612.11,182.9,13281.91,7331.620000000001,0.0
"R.W. Carter 4BH","2024-08-01",5974.779999999999,817.27,260.59,17731.35,6897.9400000000005,0.0
"R.W. Carter 4BH","2024-09-01",-71.74000000000251,449.3,156.86,9746.17,7147.270000000002,0.0
"R.W. Carter 4BH","2024-10-01",6705.560000000001,856.27,276.1,18576.97,6781.0599999999995,0.0
"R.W. Carter 4BH","2024-11-01",2170.5300000000025,562.81,188.46,12209.36,6693.279999999999,0.0
"R.W. Carter 4BH","2024-12-01",8014.300000000002,642.38,215.27,13935.36,5278.679999999999,0.0
"R.W. Carter 5BH","2024-07-01",1362.25,580.95,173.59,12605.83,7599.4400000000005,0.0
"R.W. Carter 5BH","2024-08-01",5202.589999999998,704.96,224.78,15294.73,5670.639999999999,0.0
"R.W. Carter 5BH","2024-09-01",5665.840000000003,777.68,271.5,16869.08,6326.489999999999,0.0
"R.W. Carter 5BH","2024-10-01",7171.170000000001,851.96,274.71,18483.45,5968.94,0.0
"R.W. Carter 5BH","2024-11-01",3658.7800000000007,622.47,208.44,13503.76,5941.1900000000005,0.0
"R.W. Carter 5BH","2024-12-01",9172.51,671.59,225.06,14569.1,4725.0,0.0
"Salt Flat Field","2024-07-01",0.0,0.0,0.0,0.0,0.0,0.0
"Salt Flat Field","2024-08-01",0.0,0.0,0.0,0.0,0.0,0.0
"Salt Flat Field","2024-09-01",0.0,0.0,0.0,0.0,0.0,0.0
"Salt Flat Field","2024-10-01",0.0,0.0,0.0,0.0,0.0,0.0
"Salt Flat Field","2024-11-01",0.0,0.0,0.0,0.0,0.0,0.0
"Salt Flat Field","2024-12-01",50000.0,0.0,0.0,0.0,-50000.0,0.0
"Smith B Unit 2H","2024-07-01",3224.2200000000003,690.94,206.45,14992.38,7410.469999999998,0.0
"Smith B Unit 2H","2024-08-01",2194.7199999999993,608.28,193.95,13197.01,7166.34,0.0
"Smith B Unit 2H","2024-09-01",3384.4100000000017,697.87,243.64,15137.97,7353.309999999998,0.0
"Smith B Unit 2H","2024-10-01",2518.0300000000007,615.53,198.44,13351.73,6952.709999999999,0.0
"Smith B Unit 2H","2024-11-01",2167.0200000000004,593.57,198.75,12876.76,6966.939999999999,0.0
"Smith B Unit 2H","2024-12-01",5201.750000000002,576.14,193.08,12498.62,6720.73,0.0
"Smith B Unit 3H","2024-07-01",12145.010000000002,1275.17,381.03,27669.46,7489.499999999999,0.0
"Smith B Unit 3H","2024-08-01",9932.240000000003,1122.61,357.95,24355.97,7350.8099999999995,0.0
"Smith B Unit 3H","2024-09-01",12388.139999999996,1287.96,449.65,27938.14,7436.77,0.0
"Smith B Unit 3H","2024-10-01",10678.96,1135.81,366.24,24641.78,6807.049999999998,0.0
"Smith B Unit 3H","2024-11-01",8664.21,1095.44,366.83,23764.95,8199.54,0.0
"Smith B Unit 3H","2024-12-01",14736.38,1063.31,356.33,23067.06,7267.370000000001,0.0
"Smith Heirs Lease","2024-07-01",-343.0,0.0,0.0,0.0,343.0,0.0
"Smith Heirs Lease","2024-08-01",-1675.0,0.0,0.0,0.0,1675.0,0.0
"Smith Heirs Lease","2024-09-01",0.0,0.0,0.0,0.0,0.0,0.0
"Smith Heirs Lease","2024-10-01",0.0,0.0,0.0,0.0,0.0,0.0
"Smith Heirs Lease","2024-11-01",0.0,0.0,0.0,0.0,0.0,0.0
"Smith Heirs Lease","2024-12-01",-68.0,0.0,0.0,0.0,68.0,0.0
"Smith Northcutt 2H","2024-07-01",35992.659999999996,3349.45,1000.82,72677.94,15530.179999999998,0.0
"Smith Northcutt 2H","2024-08-01",27347.149999999994,2783.8,887.62,60396.29,15468.720000000001,0.0
"Smith Northcutt 2H","2024-09-01",23046.149999999994,2558.88,893.35,55506.43,16302.789999999999,0.0
"Smith Northcutt 2H","2024-10-01",32341.030000000006,3102.06,1000.25,67300.32,15369.25,0.0
"Smith Northcutt 2H","2024-11-01",20561.920000000006,2518.69,843.4,54639.58,18172.739999999998,0.0
"Smith Northcutt 2H","2024-12-01",24969.989999999998,2597.09,870.33,56340.2,28773.120000000003,0.0
"Tiller Briscoe 9H","2024-07-01",11143.59,1813.68,541.93,39354.23,16786.58,0.0
"Tiller Briscoe 9H","2024-08-01",13538.51,1808.6,576.68,39239.09,14309.709999999997,0.0
"Tiller Briscoe 9H","2024-09-01",2018.329999999998,1179.23,411.69,25579.5,16135.420000000002,0.0
"Tiller Briscoe 9H","2024-10-01",10748.739999999998,1818.88,586.49,39461.09,17257.079999999998,1829.82
"Tiller Briscoe 9H","2024-11-01",4078.9399999999987,1279.36,428.4,27753.98,15618.25,0.0
"Tiller Briscoe 9H","2024-12-01",13421.74,1329.75,445.62,28846.9,14095.410000000002,0.0
"W.H. New 1H","2024-07-01",1612.7699999999968,1118.03,334.07,24259.63,15488.850000000002,4167.37
"W.H. New 1H","2024-08-01",3673.8899999999976,876.33,279.44,19013.76,9729.67,0.0
"W.H. New 1H","2024-09-01",3174.470000000001,906.05,316.29,19651.92,10678.729999999998,0.0
"W.H. New 1H","2024-10-01",1559.9500000000007,725.03,233.78,15729.4,9528.279999999999,0.0
"W.H. New 1H","2024-11-01",3644.960000000001,851.53,285.14,18472.77,9377.21,0.0
"W.H. New 1H","2024-12-01",4561.080000000005,812.64,272.33,17629.09,12255.369999999995,0.0
"W.H. New 2H","2024-07-01",5061.189999999999,1447.32,432.46,31404.6,17256.93,6759.99
"W.H. New 2H","2024-08-01",12555.690000000002,1412.63,450.42,30648.2,9224.759999999998,0.0
"W.H. New 2H","2024-09-01",11695.72,1352.59,472.19,29338.51,9153.789999999999,0.0
"W.H. New 2H","2024-10-01",14165.64,1460.48,470.93,31685.87,8352.27,0.0
"W.H. New 2H","2024-11-01",11103.309999999998,1269.24,425.01,27534.19,8464.02,0.0
"W.H. New 2H","2024-12-01",13581.380000000001,1252.26,419.63,27164.51,12330.869999999999,0.0
"W.H. New 3H","2024-07-01",1736.5699999999997,1115.77,333.38,24209.68,15468.39,5215.18
"W.H. New 3H","2024-08-01",7726.52,1088.99,347.23,23626.55,9063.96,0.0
"W.H. New 3H","2024-09-01",6724.869999999999,1042.65,364.01,22616.87,9347.93,0.0
"W.H. New 3H","2024-10-01",8638.939999999999,1125.88,363.04,24426.42,8720.039999999997,0.0
"W.H. New 3H","2024-11-01",7058.55,978.44,327.64,21225.98,8025.929999999999,0.0
"W.H. New 3H","2024-12-01",7764.719999999999,965.3,323.49,20940.85,12210.83,0.0
"Wilson Malone 2H","2024-07-01",0.0,0.0,0.0,0.0,0.0,0.0
"Wilson Malone 2H","2024-08-01",0.0,0.0,0.0,0.0,0.0,0.0
"Wilson Malone 2H","2024-09-01",0.0,0.0,0.0,0.0,0.0,0.0
"Wilson Malone 2H","2024-10-01",0.0,0.0,0.0,0.0,0.0,0.0
"Wilson Malone 2H","2024-11-01",0.0,0.0,0.0,0.0,0.0,0.0
"Wilson Malone 2H","2024-12-01",-2160.0,0.0,0.0,0.0,2160.0,0.0
