well_name,metric_month,metric_value
Addie Hinds 1H,2025-01-01,218.2826584947471
Addie Hinds 1H,2025-02-01,218.2826584947471
Addie Hinds 1H,2025-03-01,218.2826584947471
Addie Hinds 1H,2025-04-01,218.2826584947471
Addie Hinds 1H,2025-05-01,218.2826584947471
Addie Hinds 1H,2025-06-01,218.2826584947471
Addie Hinds 1H,2025-07-01,218.2826584947471
Addie Hinds 1H,2025-08-01,218.2826584947471
Addie Hinds 1H,2025-09-01,218.2826584947471
Addie Hinds 1H,2025-10-01,218.2826584947471
Addie Hinds 1H,2025-11-01,218.2826584947471
Addie Hinds 1H,2025-12-01,218.2826584947471
Addie Hinds 1H,2026-01-01,218.2826584947471
Addie Hinds 1H,2026-02-01,218.2826584947471
Addie Hinds 1H,2026-03-01,218.2826584947471
Addie Hinds 1H,2026-04-01,218.2826584947471
Addie Hinds 1H,2026-05-01,218.2826584947471
Addie Hinds 1H,2026-06-01,218.2826584947471
Addie Hinds 1H,2026-07-01,218.2826584947471
Addie Hinds 1H,2026-08-01,218.2826584947471
Addie Hinds 1H,2026-09-01,218.2826584947471
Addie Hinds 1H,2026-10-01,218.2826584947471
Addie Hinds 1H,2026-11-01,218.2826584947471
Addie Hinds 1H,2026-12-01,218.2826584947471
Addie Hinds 2H,2025-01-01,235.90718905990337
Addie Hinds 2H,2025-02-01,235.90718905990337
Addie Hinds 2H,2025-03-01,235.90718905990337
Addie Hinds 2H,2025-04-01,235.90718905990337
Addie Hinds 2H,2025-05-01,235.90718905990337
Addie Hinds 2H,2025-06-01,235.90718905990337
Addie Hinds 2H,2025-07-01,235.90718905990337
Addie Hinds 2H,2025-08-01,235.90718905990337
Addie Hinds 2H,2025-09-01,235.90718905990337
Addie Hinds 2H,2025-10-01,235.90718905990337
Addie Hinds 2H,2025-11-01,235.90718905990337
Addie Hinds 2H,2025-12-01,235.90718905990337
Addie Hinds 2H,2026-01-01,235.90718905990337
Addie Hinds 2H,2026-02-01,235.90718905990337
Addie Hinds 2H,2026-03-01,235.90718905990337
Addie Hinds 2H,2026-04-01,235.90718905990337
Addie Hinds 2H,2026-05-01,235.90718905990337
Addie Hinds 2H,2026-06-01,235.90718905990337
Addie Hinds 2H,2026-07-01,235.90718905990337
Addie Hinds 2H,2026-08-01,235.90718905990337
Addie Hinds 2H,2026-09-01,235.90718905990337
Addie Hinds 2H,2026-10-01,235.90718905990337
Addie Hinds 2H,2026-11-01,235.90718905990337
Addie Hinds 2H,2026-12-01,235.90718905990337
Briscoe Dickerson 1H,2025-01-01,78.28794871884081
Briscoe Dickerson 1H,2025-02-01,75.85193008979934
Briscoe Dickerson 1H,2025-03-01,73.61396615771315
Briscoe Dickerson 1H,2025-04-01,71.5489922243717
Briscoe Dickerson 1H,2025-05-01,69.63614355061468
Briscoe Dickerson 1H,2025-06-01,67.85789477337687
Briscoe Dickerson 1H,2025-07-01,66.19940503660432
Briscoe Dickerson 1H,2025-08-01,64.64801321690564
Briscoe Dickerson 1H,2025-09-01,63.19284426762922
Briscoe Dickerson 1H,2025-10-01,61.82449892410124
Briscoe Dickerson 1H,2025-11-01,60.5348067096311
Briscoe Dickerson 1H,2025-12-01,59.31662754780941
Briscoe Dickerson 1H,2026-01-01,58.163691083003656
Briscoe Dickerson 1H,2026-02-01,57.07046553355961
Briscoe Dickerson 1H,2026-03-01,56.03204987936886
Briscoe Dickerson 1H,2026-04-01,55.04408463803641
Briscoe Dickerson 1H,2026-05-01,54.102677562638284
Briscoe Dickerson 1H,2026-06-01,53.20434140329435
Briscoe Dickerson 1H,2026-07-01,52.345941487565156
Briscoe Dickerson 1H,2026-08-01,51.524651342803494
Briscoe Dickerson 1H,2026-09-01,50.73791494416516
Briscoe Dickerson 1H,2026-10-01,49.98341445188275
Briscoe Dickerson 1H,2026-11-01,49.25904252027346
Briscoe Dickerson 1H,2026-12-01,48.56287843328015
Briscoe Dickerson 2H,2025-01-01,5.286421026513991e-13
Briscoe Dickerson 2H,2025-02-01,5.286421026513991e-13
Briscoe Dickerson 2H,2025-03-01,5.286421026513991e-13
Briscoe Dickerson 2H,2025-04-01,5.286421026513991e-13
Briscoe Dickerson 2H,2025-05-01,5.286421026513991e-13
Briscoe Dickerson 2H,2025-06-01,5.286421026513991e-13
Briscoe Dickerson 2H,2025-07-01,5.286421026513991e-13
Briscoe Dickerson 2H,2025-08-01,5.286421026513991e-13
Briscoe Dickerson 2H,2025-09-01,5.286421026513991e-13
Briscoe Dickerson 2H,2025-10-01,5.286421026513991e-13
Briscoe Dickerson 2H,2025-11-01,5.286421026513991e-13
Briscoe Dickerson 2H,2025-12-01,5.286421026513991e-13
Briscoe Dickerson 2H,2026-01-01,5.286421026513991e-13
Briscoe Dickerson 2H,2026-02-01,5.286421026513991e-13
Briscoe Dickerson 2H,2026-03-01,5.286421026513991e-13
Briscoe Dickerson 2H,2026-04-01,5.286421026513991e-13
Briscoe Dickerson 2H,2026-05-01,5.286421026513991e-13
Briscoe Dickerson 2H,2026-06-01,5.286421026513991e-13
Briscoe Dickerson 2H,2026-07-01,5.286421026513991e-13
Briscoe Dickerson 2H,2026-08-01,5.286421026513991e-13
Briscoe Dickerson 2H,2026-09-01,5.286421026513991e-13
Briscoe Dickerson 2H,2026-10-01,5.286421026513991e-13
Briscoe Dickerson 2H,2026-11-01,5.286421026513991e-13
Briscoe Dickerson 2H,2026-12-01,5.286421026513991e-13
Carter Unit 7H,2025-01-01,525.1634495231086
Carter Unit 7H,2025-02-01,453.0153487632686
Carter Unit 7H,2025-03-01,453.0153487632686
Carter Unit 7H,2025-04-01,453.0153487632686
Carter Unit 7H,2025-05-01,453.0153487632686
Carter Unit 7H,2025-06-01,453.0153487632686
Carter Unit 7H,2025-07-01,453.0153487632686
Carter Unit 7H,2025-08-01,453.0153487632686
Carter Unit 7H,2025-09-01,453.0153487632686
Carter Unit 7H,2025-10-01,453.0153487632686
Carter Unit 7H,2025-11-01,453.0153487632686
Carter Unit 7H,2025-12-01,453.0153487632686
Carter Unit 7H,2026-01-01,453.0153487632686
Carter Unit 7H,2026-02-01,453.0153487632686
Carter Unit 7H,2026-03-01,453.0153487632686
Carter Unit 7H,2026-04-01,453.0153487632686
Carter Unit 7H,2026-05-01,453.0153487632686
Carter Unit 7H,2026-06-01,453.0153487632686
Carter Unit 7H,2026-07-01,453.0153487632686
Carter Unit 7H,2026-08-01,453.0153487632686
Carter Unit 7H,2026-09-01,453.0153487632686
Carter Unit 7H,2026-10-01,453.0153487632686
Carter Unit 7H,2026-11-01,453.0153487632686
Carter Unit 7H,2026-12-01,453.0153487632686
Carter Unit 8H,2025-01-01,396.9456780640907
Carter Unit 8H,2025-02-01,342.39596029611164
Carter Unit 8H,2025-03-01,342.39596029611164
Carter Unit 8H,2025-04-01,342.39596029611164
Carter Unit 8H,2025-05-01,342.39596029611164
Carter Unit 8H,2025-06-01,342.39596029611164
Carter Unit 8H,2025-07-01,342.39596029611164
Carter Unit 8H,2025-08-01,342.39596029611164
Carter Unit 8H,2025-09-01,342.39596029611164
Carter Unit 8H,2025-10-01,342.39596029611164
Carter Unit 8H,2025-11-01,342.39596029611164
Carter Unit 8H,2025-12-01,342.39596029611164
Carter Unit 8H,2026-01-01,342.39596029611164
Carter Unit 8H,2026-02-01,342.39596029611164
Carter Unit 8H,2026-03-01,342.39596029611164
Carter Unit 8H,2026-04-01,342.39596029611164
Carter Unit 8H,2026-05-01,342.39596029611164
Carter Unit 8H,2026-06-01,342.39596029611164
Carter Unit 8H,2026-07-01,342.39596029611164
Carter Unit 8H,2026-08-01,342.39596029611164
Carter Unit 8H,2026-09-01,342.39596029611164
Carter Unit 8H,2026-10-01,342.39596029611164
Carter Unit 8H,2026-11-01,342.39596029611164
Carter Unit 8H,2026-12-01,342.39596029611164
Conley Hickman 2H,2025-01-01,0.03558782747648103
Conley Hickman 2H,2025-02-01,0.03558782747648103
Conley Hickman 2H,2025-03-01,0.03558782747648103
Conley Hickman 2H,2025-04-01,0.03558782747648103
Conley Hickman 2H,2025-05-01,0.03558782747648103
Conley Hickman 2H,2025-06-01,0.03558782747648103
Conley Hickman 2H,2025-07-01,0.03558782747648103
Conley Hickman 2H,2025-08-01,0.03558782747648103
Conley Hickman 2H,2025-09-01,0.03558782747648103
Conley Hickman 2H,2025-10-01,0.03558782747648103
Conley Hickman 2H,2025-11-01,0.03558782747648103
Conley Hickman 2H,2025-12-01,0.03558782747648103
Conley Hickman 2H,2026-01-01,0.03558782747648103
Conley Hickman 2H,2026-02-01,0.03558782747648103
Conley Hickman 2H,2026-03-01,0.03558782747648103
Conley Hickman 2H,2026-04-01,0.03558782747648103
Conley Hickman 2H,2026-05-01,0.03558782747648103
Conley Hickman 2H,2026-06-01,0.03558782747648103
Conley Hickman 2H,2026-07-01,0.03558782747648103
Conley Hickman 2H,2026-08-01,0.03558782747648103
Conley Hickman 2H,2026-09-01,0.03558782747648103
Conley Hickman 2H,2026-10-01,0.03558782747648103
Conley Hickman 2H,2026-11-01,0.03558782747648103
Conley Hickman 2H,2026-12-01,0.03558782747648103
Cora Malone 1H,2025-01-01,471.8490392468538
Cora Malone 1H,2025-02-01,463.14340231573505
Cora Malone 1H,2025-03-01,453.989064336325
Cora Malone 1H,2025-04-01,444.3266277964129
Cora Malone 1H,2025-05-01,434.08322378064514
Cora Malone 1H,2025-06-01,423.1679508844133
Cora Malone 1H,2025-07-01,411.46515674665284
Cora Malone 1H,2025-08-01,398.82418628044815
Cora Malone 1H,2025-09-01,385.04305860867976
Cora Malone 1H,2025-10-01,369.8410804370114
Cora Malone 1H,2025-11-01,352.809755659068
Cora Malone 1H,2025-12-01,333.3168407627721
Cora Malone 1H,2026-01-01,310.29518321761344
Cora Malone 1H,2026-02-01,281.68885747590303
Cora Malone 1H,2026-03-01,242.50156828851325
Cora Malone 1H,2026-04-01,170.99066323936026
Cora Malone 1H,2026-05-01,0.96979121234687
Cora Malone 1H,2026-06-01,0.96979121234687
Cora Malone 1H,2026-07-01,0.96979121234687
Cora Malone 1H,2026-08-01,0.96979121234687
Cora Malone 1H,2026-09-01,0.96979121234687
Cora Malone 1H,2026-10-01,0.96979121234687
Cora Malone 1H,2026-11-01,0.96979121234687
Cora Malone 1H,2026-12-01,0.96979121234687
Cora Malone 3H,2025-01-01,293.50968402123374
Cora Malone 3H,2025-02-01,288.09312908093017
Cora Malone 3H,2025-03-01,282.39712100487844
Cora Malone 3H,2025-04-01,276.3846320097279
Cora Malone 3H,2025-05-01,270.01022813608176
Cora Malone 3H,2025-06-01,263.21722012303394
Cora Malone 3H,2025-07-01,255.93346510384706
Cora Malone 3H,2025-08-01,248.06495755623362
Cora Malone 3H,2025-09-01,239.48561923999927
Cora Malone 3H,2025-10-01,230.02015752470126
Cora Malone 3H,2025-11-01,219.41331295726914
Cora Malone 3H,2025-12-01,207.26968735807105
Cora Malone 3H,2026-01-01,192.9211023172382
Cora Malone 3H,2026-02-01,175.07783246578796
Cora Malone 3H,2026-03-01,150.594120908111
Cora Malone 3H,2026-04-01,105.60589429739048
Cora Malone 3H,2026-05-01,0.6051949280016264
Cora Malone 3H,2026-06-01,0.6051949280016264
Cora Malone 3H,2026-07-01,0.6051949280016264
Cora Malone 3H,2026-08-01,0.6051949280016264
Cora Malone 3H,2026-09-01,0.6051949280016264
Cora Malone 3H,2026-10-01,0.6051949280016264
Cora Malone 3H,2026-11-01,0.6051949280016264
Cora Malone 3H,2026-12-01,0.6051949280016264
Cora Malone 4H,2025-01-01,718.7930545445905
Cora Malone 4H,2025-02-01,705.5364337625002
Cora Malone 4H,2025-03-01,691.6033501783354
Cora Malone 4H,2025-04-01,676.9050683248228
Cora Malone 4H,2025-05-01,661.3329157814902
Cora Malone 4H,2025-06-01,644.751600347596
Cora Malone 4H,2025-07-01,626.9894004939136
Cora Malone 4H,2025-08-01,607.8232587645276
Cora Malone 4H,2025-09-01,586.9551659567604
Cora Malone 4H,2025-10-01,563.972784204494
Cora Malone 4H,2025-11-01,538.2794210808815
Cora Malone 4H,2025-12-01,508.9585983380054
Cora Malone 4H,2026-01-01,474.4803465823231
Cora Malone 4H,2026-02-01,431.9480388916525
Cora Malone 4H,2026-03-01,374.55090243854227
Cora Malone 4H,2026-04-01,275.6438537134461
Cora Malone 4H,2026-05-01,1.4168528272498477
Cora Malone 4H,2026-06-01,1.4168528272498477
Cora Malone 4H,2026-07-01,1.4168528272498477
Cora Malone 4H,2026-08-01,1.4168528272498477
Cora Malone 4H,2026-09-01,1.4168528272498477
Cora Malone 4H,2026-10-01,1.4168528272498477
Cora Malone 4H,2026-11-01,1.4168528272498477
Cora Malone 4H,2026-12-01,1.4168528272498477
Davis B Wilson 2H,2025-01-01,372.31660487331106
Davis B Wilson 2H,2025-02-01,372.3254264908052
Davis B Wilson 2H,2025-03-01,372.33374392444796
Davis B Wilson 2H,2025-04-01,372.34161171274417
Davis B Wilson 2H,2025-05-01,372.34907599666224
Davis B Wilson 2H,2025-06-01,372.3561761598458
Davis B Wilson 2H,2025-07-01,372.36294608693555
Davis B Wilson 2H,2025-08-01,372.36941514197076
Davis B Wilson 2H,2025-09-01,372.37560893842266
Davis B Wilson 2H,2025-10-01,372.3815499519416
Davis B Wilson 2H,2025-11-01,372.38725801286387
Davis B Wilson 2H,2025-12-01,372.3927507057256
Davis B Wilson 2H,2026-01-01,372.39804369608953
Davis B Wilson 2H,2026-02-01,372.4031509999996
Davis B Wilson 2H,2026-03-01,372.4080852077391
Davis B Wilson 2H,2026-04-01,372.4128576708886
Davis B Wilson 2H,2026-05-01,372.41747865967795
Davis B Wilson 2H,2026-06-01,372.42195749611926
Davis B Wilson 2H,2026-07-01,372.42630266726155
Davis B Wilson 2H,2026-08-01,372.430521922025
Davis B Wilson 2H,2026-09-01,372.43462235439233
Davis B Wilson 2H,2026-10-01,372.43861047519937
Davis B Wilson 2H,2026-11-01,372.44249227435165
Davis B Wilson 2H,2026-12-01,372.4462732749579
Davis B Wilson 3H,2025-01-01,426.36342234694854
Davis B Wilson 3H,2025-02-01,426.3735120835072
Davis B Wilson 3H,2025-03-01,426.3830251588556
Davis B Wilson 3H,2025-04-01,426.3920239515236
Davis B Wilson 3H,2025-05-01,426.4005612353396
Davis B Wilson 3H,2025-06-01,426.40868205542637
Davis B Wilson 3H,2025-07-01,426.4164251674102
Davis B Wilson 3H,2025-08-01,426.42382415646955
Davis B Wilson 3H,2025-09-01,426.4309083180622
Davis B Wilson 3H,2025-10-01,426.4377033587573
Davis B Wilson 3H,2025-11-01,426.44423195953976
Davis B Wilson 3H,2025-12-01,426.4505142327562
Davis B Wilson 3H,2026-01-01,426.45656809592333
Davis B Wilson 3H,2026-02-01,426.46240957991756
Davis B Wilson 3H,2026-03-01,426.4680530848984
Davis B Wilson 3H,2026-04-01,426.47351159425676
Davis B Wilson 3H,2026-05-01,426.4787968545865
Davis B Wilson 3H,2026-06-01,426.4839195279556
Davis B Wilson 3H,2026-07-01,426.48888932144126
Davis B Wilson 3H,2026-08-01,426.4937150978846
Davis B Wilson 3H,2026-09-01,426.4984049710405
Davis B Wilson 3H,2026-10-01,426.5029663876887
Davis B Wilson 3H,2026-11-01,426.5074061987938
Davis B Wilson 3H,2026-12-01,426.51173072142046
Davis B Wilson 4H,2025-01-01,476.38415395465125
Davis B Wilson 4H,2025-02-01,476.3954398533362
Davis B Wilson 4H,2025-03-01,476.40608072653083
Davis B Wilson 4H,2025-04-01,476.4161463478438
Davis B Wilson 4H,2025-05-01,476.4256957475303
Davis B Wilson 4H,2025-06-01,476.43477931089
Davis B Wilson 4H,2025-07-01,476.4434403880963
Davis B Wilson 4H,2025-08-01,476.45171654590996
Davis B Wilson 4H,2025-09-01,476.4596405528179
Davis B Wilson 4H,2025-10-01,476.4672411629492
Davis B Wilson 4H,2025-11-01,476.47454374616143
Davis B Wilson 4H,2025-12-01,476.48157079915694
Davis B Wilson 4H,2026-01-01,476.4883423636078
Davis B Wilson 4H,2026-02-01,476.4948763708808
Davis B Wilson 4H,2026-03-01,476.5011889283018
Davis B Wilson 4H,2026-04-01,476.5072945584679
Davis B Wilson 4H,2026-05-01,476.51320640055417
Davis B Wilson 4H,2026-06-01,476.51893638063757
Davis B Wilson 4H,2026-07-01,476.52449535658855
Davis B Wilson 4H,2026-08-01,476.52989324195556
Davis B Wilson 4H,2026-09-01,476.5351391123953
Davis B Wilson 4H,2026-10-01,476.54024129751815
Davis B Wilson 4H,2026-11-01,476.54520746048456
Davis B Wilson 4H,2026-12-01,476.5500446672602
Davis B Wilson 5H,2025-01-01,654.7119443345621
Davis B Wilson 5H,2025-02-01,654.7274360977892
Davis B Wilson 5H,2025-03-01,654.742042456401
Davis B Wilson 5H,2025-04-01,654.7558591862852
Davis B Wilson 5H,2025-05-01,654.7689673162876
Davis B Wilson 5H,2025-06-01,654.7814360086119
Davis B Wilson 5H,2025-07-01,654.7933247685797
Davis B Wilson 5H,2025-08-01,654.8046851628164
Davis B Wilson 5H,2025-09-01,654.8155621715172
Davis B Wilson 5H,2025-10-01,654.8259952645031
Davis B Wilson 5H,2025-11-01,654.8360192661196
Davis B Wilson 5H,2025-12-01,654.8456650568284
Davis B Wilson 5H,2026-01-01,654.8549601471537
Davis B Wilson 5H,2026-02-01,654.8639291508749
Davis B Wilson 5H,2026-03-01,654.8725941779718
Davis B Wilson 5H,2026-04-01,654.8809751631203
Davis B Wilson 5H,2026-05-01,654.8890901420198
Davis B Wilson 5H,2026-06-01,654.8969554851907
Davis B Wilson 5H,2026-07-01,654.9045860968625
Davis B Wilson 5H,2026-08-01,654.9119955850259
Davis B Wilson 5H,2026-09-01,654.9191964075256
Davis B Wilson 5H,2026-10-01,654.9261999981344
Davis B Wilson 5H,2026-11-01,654.933016875811
Davis B Wilson 5H,2026-12-01,654.9396567397655
Floy Gray 1H,2025-01-01,813.7966243993236
Floy Gray 1H,2025-02-01,811.864820270894
Floy Gray 1H,2025-03-01,810.047473252796
Floy Gray 1H,2025-04-01,808.3319914907578
Floy Gray 1H,2025-05-01,806.707742438532
Floy Gray 1H,2025-06-01,805.1656673375229
Floy Gray 1H,2025-07-01,803.6979859521456
Floy Gray 1H,2025-08-01,802.2979673581293
Floy Gray 1H,2025-09-01,800.9597498252324
Floy Gray 1H,2025-10-01,799.6781977044334
Floy Gray 1H,2025-11-01,798.4487865643478
Floy Gray 1H,2025-12-01,797.2675101453477
Floy Gray 1H,2026-01-01,796.130804344764
Floy Gray 1H,2026-02-01,795.0354846277801
Floy Gray 1H,2026-03-01,793.9786941182103
Floy Gray 1H,2026-04-01,792.9578602565155
Floy Gray 1H,2026-05-01,791.970658384116
Floy Gray 1H,2026-06-01,791.014980968172
Floy Gray 1H,2026-07-01,790.0889114509483
Floy Gray 1H,2026-08-01,789.1907019149908
Floy Gray 1H,2026-09-01,788.3187539155696
Floy Gray 1H,2026-10-01,787.4716019568152
Floy Gray 1H,2026-11-01,786.6478991861766
Floy Gray 1H,2026-12-01,785.8464049595366
Floy Gray 2H,2025-01-01,348.9087354888897
Floy Gray 2H,2025-02-01,348.08068974967154
Floy Gray 2H,2025-03-01,347.30170446035
Floy Gray 2H,2025-04-01,346.5663823049948
Floy Gray 2H,2025-05-01,345.870165796684
Floy Gray 2H,2025-06-01,345.20917202967394
Floy Gray 2H,2025-07-01,344.58006611844456
Floy Gray 2H,2025-08-01,343.979962949415
Floy Gray 2H,2025-09-01,343.406349976286
Floy Gray 2H,2025-10-01,342.85702587682295
Floy Gray 2H,2025-11-01,342.3300513182637
Floy Gray 2H,2025-12-01,341.82370907456914
Floy Gray 2H,2026-01-01,341.3364714437986
Floy Gray 2H,2026-02-01,340.8669734202138
Floy Gray 2H,2026-03-01,340.4139904441565
Floy Gray 2H,2026-04-01,339.97641982414785
Floy Gray 2H,2026-05-01,339.5532651278423
Floy Gray 2H,2026-06-01,339.1436229906841
Floy Gray 2H,2026-07-01,338.74667190682464
Floy Gray 2H,2026-08-01,338.3616626556297
Floy Gray 2H,2026-09-01,337.9879100857888
Floy Gray 2H,2026-10-01,337.6247860326053
Floy Gray 2H,2026-11-01,337.2717131861356
Floy Gray 2H,2026-12-01,336.9281597611594
Floyd Tiller 1H,2025-01-01,0.04761695933519637
Floyd Tiller 1H,2025-02-01,0.04761695933519637
Floyd Tiller 1H,2025-03-01,0.04761695933519637
Floyd Tiller 1H,2025-04-01,0.04761695933519637
Floyd Tiller 1H,2025-05-01,0.04761695933519637
Floyd Tiller 1H,2025-06-01,0.04761695933519637
Floyd Tiller 1H,2025-07-01,0.04761695933519637
Floyd Tiller 1H,2025-08-01,0.04761695933519637
Floyd Tiller 1H,2025-09-01,0.04761695933519637
Floyd Tiller 1H,2025-10-01,0.04761695933519637
Floyd Tiller 1H,2025-11-01,0.04761695933519637
Floyd Tiller 1H,2025-12-01,0.04761695933519637
Floyd Tiller 1H,2026-01-01,0.04761695933519637
Floyd Tiller 1H,2026-02-01,0.04761695933519637
Floyd Tiller 1H,2026-03-01,0.04761695933519637
Floyd Tiller 1H,2026-04-01,0.04761695933519637
Floyd Tiller 1H,2026-05-01,0.04761695933519637
Floyd Tiller 1H,2026-06-01,0.04761695933519637
Floyd Tiller 1H,2026-07-01,0.04761695933519637
Floyd Tiller 1H,2026-08-01,0.04761695933519637
Floyd Tiller 1H,2026-09-01,0.04761695933519637
Floyd Tiller 1H,2026-10-01,0.04761695933519637
Floyd Tiller 1H,2026-11-01,0.04761695933519637
Floyd Tiller 1H,2026-12-01,0.04761695933519637
Floyd Tiller 3H,2025-01-01,339.4447680691146
Floyd Tiller 3H,2025-02-01,339.78336394080424
Floyd Tiller 3H,2025-03-01,340.1029189923818
Floyd Tiller 3H,2025-04-01,340.4054763615318
Floyd Tiller 3H,2025-05-01,340.69276627814475
Floyd Tiller 3H,2025-06-01,340.96626693664115
Floyd Tiller 3H,2025-07-01,341.22725124083405
Floyd Tiller 3H,2025-08-01,341.4768231834495
Floyd Tiller 3H,2025-09-01,341.7159465027981
Floyd Tiller 3H,2025-10-01,341.9454675048602
Floyd Tiller 3H,2025-11-01,342.16613342129125
Floyd Tiller 3H,2025-12-01,342.3786073122771
Floyd Tiller 3H,2026-01-01,342.58348026668864
Floyd Tiller 3H,2026-02-01,342.7812814674314
Floyd Tiller 3H,2026-03-01,342.972486555328
Floyd Tiller 3H,2026-04-01,343.15752462556634
Floyd Tiller 3H,2026-05-01,343.336784116637
Floyd Tiller 3H,2026-06-01,343.5106177957886
Floyd Tiller 3H,2026-07-01,343.6793470024697
Floyd Tiller 3H,2026-08-01,343.84326527851874
Floyd Tiller 3H,2026-09-01,344.0026414885211
Floyd Tiller 3H,2026-10-01,344.15772251395055
Floyd Tiller 3H,2026-11-01,344.3087355891353
Floyd Tiller 3H,2026-12-01,344.45589033473834
Floyd Tiller 5H,2025-01-01,163.58145465931287
Floyd Tiller 5H,2025-02-01,163.7446167551719
Floyd Tiller 5H,2025-03-01,163.8986034711809
Floyd Tiller 5H,2025-04-01,164.0443993546088
Floyd Tiller 5H,2025-05-01,164.18283816855063
Floyd Tiller 5H,2025-06-01,164.31463222514168
Floyd Tiller 5H,2025-07-01,164.44039491101125
Floyd Tiller 5H,2025-08-01,164.56065821787308
Floyd Tiller 5H,2025-09-01,164.67588655162015
Floyd Tiller 5H,2025-10-01,164.78648772984369
Floyd Tiller 5H,2025-11-01,164.89282182819738
Floyd Tiller 5H,2025-12-01,164.99520836179073
Floyd Tiller 5H,2026-01-01,165.09393216420364
Floyd Tiller 5H,2026-02-01,165.18924823777937
Floyd Tiller 5H,2026-03-01,165.28138578401368
Floyd Tiller 5H,2026-04-01,165.37055157500419
Floyd Tiller 5H,2026-05-01,165.4569327912119
Floyd Tiller 5H,2026-06-01,165.54069942385235
Floyd Tiller 5H,2026-07-01,165.62200631972527
Floyd Tiller 5H,2026-08-01,165.70099493053038
Floyd Tiller 5H,2026-09-01,165.7777948165043
Floyd Tiller 5H,2026-10-01,165.85252494467323
Floyd Tiller 5H,2026-11-01,165.9252948145075
Floyd Tiller 5H,2026-12-01,165.9962054378149
Floyd Tiller 6H,2025-01-01,275.0274032278182
Floyd Tiller 6H,2025-02-01,273.1798427948537
Floyd Tiller 6H,2025-03-01,271.44558409322224
Floyd Tiller 6H,2025-04-01,269.81213427257853
Floyd Tiller 6H,2025-05-01,268.2689289562591
Floyd Tiller 6H,2025-06-01,266.80695750175795
Floyd Tiller 6H,2025-07-01,265.4184747060332
Floyd Tiller 6H,2025-08-01,264.09677614192157
Floyd Tiller 6H,2025-09-01,262.8360210282747
Floyd Tiller 6H,2025-10-01,261.63109108695085
Floyd Tiller 6H,2025-11-01,260.47747697907033
Floyd Tiller 6H,2025-12-01,259.37118611451575
Floyd Tiller 6H,2026-01-01,258.30866719600436
Floyd Tiller 6H,2026-02-01,257.2867479903675
Floyd Tiller 6H,2026-03-01,256.3025836467057
Floyd Tiller 6H,2026-04-01,255.35361349281354
Floyd Tiller 6H,2026-05-01,254.43752469869838
Floyd Tiller 6H,2026-06-01,253.55222154155564
Floyd Tiller 6H,2026-07-01,252.69579927004048
Floyd Tiller 6H,2026-08-01,251.86652176837728
Floyd Tiller 6H,2026-09-01,251.06280237807277
Floyd Tiller 6H,2026-10-01,250.28318735790822
Floyd Tiller 6H,2026-11-01,249.5263415596649
Floyd Tiller 6H,2026-12-01,248.7910359737742
Floyd Tiller 7H,2025-01-01,583.2087236634635
Floyd Tiller 7H,2025-02-01,581.9917229393672
Floyd Tiller 7H,2025-03-01,580.845718517181
Floyd Tiller 7H,2025-04-01,579.7629995726488
Floyd Tiller 7H,2025-05-01,578.7370412467154
Floyd Tiller 7H,2025-06-01,577.7622737894658
Floyd Tiller 7H,2025-07-01,576.8339052072419
Floyd Tiller 7H,2025-08-01,575.9477832021055
Floyd Tiller 7H,2025-09-01,575.1002864078708
Floyd Tiller 7H,2025-10-01,574.2882377716362
Floyd Tiller 7H,2025-11-01,573.5088348856387
Floyd Tiller 7H,2025-12-01,572.7595934419518
Floyd Tiller 7H,2026-01-01,572.038300953784
Floyd Tiller 7H,2026-02-01,571.3429785866682
Floyd Tiller 7H,2026-03-01,570.671849453241
Floyd Tiller 7H,2026-04-01,570.0233121022446
Floyd Tiller 7H,2026-05-01,569.3959182138423
Floyd Tiller 7H,2026-06-01,568.7883537256861
Floyd Tiller 7H,2026-07-01,568.1994227759475
Floyd Tiller 7H,2026-08-01,567.6280339738435
Floyd Tiller 7H,2026-09-01,567.0731886045659
Floyd Tiller 7H,2026-10-01,566.5339704508152
Floyd Tiller 7H,2026-11-01,566.0095369723824
Floyd Tiller 7H,2026-12-01,565.4991116321949
Floyd Tiller 9H,2025-01-01,345.92978196865914
Floyd Tiller 9H,2025-02-01,346.2747654542561
Floyd Tiller 9H,2025-03-01,346.60034883187757
Floyd Tiller 9H,2025-04-01,346.9086137965776
Floyd Tiller 9H,2025-05-01,347.20132323002633
Floyd Tiller 9H,2025-06-01,347.4799832217706
Floyd Tiller 9H,2025-07-01,347.7458906963683
Floyd Tiller 9H,2025-08-01,348.0001704795331
Floyd Tiller 9H,2025-09-01,348.2438044956608
Floyd Tiller 9H,2025-10-01,348.47765502064465
Floyd Tiller 9H,2025-11-01,348.7024833863535
Floyd Tiller 9H,2025-12-01,348.91896516474674
Floyd Tiller 9H,2026-01-01,349.1277025982789
Floyd Tiller 9H,2026-02-01,349.3292348552071
Floyd Tiller 9H,2026-03-01,349.5240465513183
Floyd Tiller 9H,2026-04-01,349.7125748784155
Floyd Tiller 9H,2026-05-01,349.89521560439044
Floyd Tiller 9H,2026-06-01,350.07232815276296
Floyd Tiller 9H,2026-07-01,350.24423992620274
Floyd Tiller 9H,2026-08-01,350.4112500052268
Floyd Tiller 9H,2026-09-01,350.5736323274409
Floyd Tiller 9H,2026-10-01,350.7316384325225
Floyd Tiller 9H,2026-11-01,350.8854998422687
Floyd Tiller 9H,2026-12-01,351.03543013244996
Floyd Tiller 10H,2025-01-01,535.5570934694681
Floyd Tiller 10H,2025-02-01,531.9593573799858
Floyd Tiller 10H,2025-03-01,528.5822524783332
Floyd Tiller 10H,2025-04-01,525.4014515961798
Floyd Tiller 10H,2025-05-01,522.3963828545151
Floyd Tiller 10H,2025-06-01,519.5494999392683
Floyd Tiller 10H,2025-07-01,516.8457207094636
Floyd Tiller 10H,2025-08-01,514.2719897131694
Floyd Tiller 10H,2025-09-01,511.8169332650937
Floyd Tiller 10H,2025-10-01,509.47058460081485
Floyd Tiller 10H,2025-11-01,507.22416273568444
Floyd Tiller 10H,2025-12-01,505.0698929435303
Floyd Tiller 10H,2026-01-01,503.00085982234054
Floyd Tiller 10H,2026-02-01,501.01088611710014
Floyd Tiller 10H,2026-03-01,499.0944320804053
Floyd Tiller 10H,2026-04-01,497.24651134269436
Floyd Tiller 10H,2026-05-01,495.46262015467846
Floyd Tiller 10H,2026-06-01,493.7386775374096
Floyd Tiller 10H,2026-07-01,492.0709743884991
Floyd Tiller 10H,2026-08-01,490.45612998770906
Floyd Tiller 10H,2026-09-01,488.8910546513055
Floyd Tiller 10H,2026-10-01,487.37291752389774
Floyd Tiller 10H,2026-11-01,485.89911868494727
Floyd Tiller 10H,2026-12-01,484.4672648965569
Floyd Tiller 12H,2025-01-01,89.91867187746877
Floyd Tiller 12H,2025-02-01,89.31271460160069
Floyd Tiller 12H,2025-03-01,88.7439214189802
Floyd Tiller 12H,2025-04-01,88.20819477263319
Floyd Tiller 12H,2025-05-01,87.70206956502939
Floyd Tiller 12H,2025-06-01,87.22259027412137
Floyd Tiller 12H,2025-07-01,86.76721641249534
Floyd Tiller 12H,2025-08-01,86.33374885059384
Floyd Tiller 12H,2025-09-01,85.92027172649206
Floyd Tiller 12H,2025-10-01,85.52510615640344
Floyd Tiller 12H,2025-11-01,85.14677298922447
Floyd Tiller 12H,2025-12-01,84.78396257020236
Floyd Tiller 12H,2026-01-01,84.43550999267347
Floyd Tiller 12H,2026-02-01,84.10037468774858
Floyd Tiller 12H,2026-03-01,83.77762347299036
Floyd Tiller 12H,2026-04-01,83.46641638171216
Floyd Tiller 12H,2026-05-01,83.16599474452345
Floyd Tiller 12H,2026-06-01,82.87567110805142
Floyd Tiller 12H,2026-07-01,82.5948206621734
Floyd Tiller 12H,2026-08-01,82.32287391356425
Floyd Tiller 12H,2026-09-01,82.05931039492533
Floyd Tiller 12H,2026-10-01,81.80365323956836
Floyd Tiller 12H,2026-11-01,81.55546448276733
Floyd Tiller 12H,2026-12-01,81.31434097645796
J.B. Northcutt 2H,2025-01-01,375.3150385788957
J.B. Northcutt 2H,2025-02-01,374.7075798311437
J.B. Northcutt 2H,2025-03-01,374.1354472405016
J.B. Northcutt 2H,2025-04-01,373.5948024553285
J.B. Northcutt 2H,2025-05-01,373.08239836863044
J.B. Northcutt 2H,2025-06-01,372.59546380304255
J.B. Northcutt 2H,2025-07-01,372.1316149792651
J.B. Northcutt 2H,2025-08-01,371.6887866379117
J.B. Northcutt 2H,2025-09-01,371.2651778044437
J.B. Northcutt 2H,2025-10-01,370.8592086158527
J.B. Northcutt 2H,2025-11-01,370.46948560928615
J.B. Northcutt 2H,2025-12-01,370.0947735585547
J.B. Northcutt 2H,2026-01-01,369.7339724310429
J.B. Northcutt 2H,2026-02-01,369.3860983877447
J.B. Northcutt 2H,2026-03-01,369.05026800451077
J.B. Northcutt 2H,2026-04-01,368.72568508105945
J.B. Northcutt 2H,2026-05-01,368.4116295449617
J.B. Northcutt 2H,2026-06-01,368.10744806388
J.B. Northcutt 2H,2026-07-01,367.8125460601028
J.B. Northcutt 2H,2026-08-01,367.5263808834702
J.B. Northcutt 2H,2026-09-01,367.24845594686127
J.B. Northcutt 2H,2026-10-01,366.9783156659628
J.B. Northcutt 2H,2026-11-01,366.71554107457933
J.B. Northcutt 2H,2026-12-01,366.45974601015195
J.B. Northcutt A 3H,2025-01-01,271.5734542529426
J.B. Northcutt A 3H,2025-02-01,271.2807550910855
J.B. Northcutt A 3H,2025-03-01,270.96552218179437
J.B. Northcutt A 3H,2025-04-01,270.62396110914165
J.B. Northcutt A 3H,2025-05-01,270.25122684709396
J.B. Northcutt A 3H,2025-06-01,269.84099533510954
J.B. Northcutt A 3H,2025-07-01,269.3847913317167
J.B. Northcutt A 3H,2025-08-01,268.87088438318267
J.B. Northcutt A 3H,2025-09-01,268.28236974364626
J.B. Northcutt A 3H,2025-10-01,267.5935841492963
J.B. Northcutt A 3H,2025-11-01,266.76274863995553
J.B. Northcutt A 3H,2025-12-01,265.7147587119175
J.B. Northcutt A 3H,2026-01-01,264.29222968622906
J.B. Northcutt A 3H,2026-02-01,262.060237481781
J.B. Northcutt A 3H,2026-03-01,256.41863699614015
J.B. Northcutt A 3H,2026-04-01,194.9726859322875
J.B. Northcutt A 3H,2026-05-01,194.9726859322875
J.B. Northcutt A 3H,2026-06-01,194.9726859322875
J.B. Northcutt A 3H,2026-07-01,194.9726859322875
J.B. Northcutt A 3H,2026-08-01,194.9726859322875
J.B. Northcutt A 3H,2026-09-01,194.9726859322875
J.B. Northcutt A 3H,2026-10-01,194.9726859322875
J.B. Northcutt A 3H,2026-11-01,194.9726859322875
J.B. Northcutt A 3H,2026-12-01,194.9726859322875
J.B. Northcutt 6H,2025-01-01,270.3910047684985
J.B. Northcutt 6H,2025-02-01,269.9535581775727
J.B. Northcutt 6H,2025-03-01,269.54155084884286
J.B. Northcutt 6H,2025-04-01,269.1522186744483
J.B. Northcutt 6H,2025-05-01,268.78322332154517
J.B. Northcutt 6H,2025-06-01,268.43256918954773
J.B. Northcutt 6H,2025-07-01,268.098539655295
J.B. Northcutt 6H,2025-08-01,267.77964747145285
J.B. Northcutt 6H,2025-09-01,267.4745957099865
J.B. Northcutt 6H,2025-10-01,267.18224667162235
J.B. Northcutt 6H,2025-11-01,266.90159688906937
J.B. Northcutt 6H,2025-12-01,266.6317568456048
J.B. Northcutt 6H,2026-01-01,266.37193438104157
J.B. Northcutt 6H,2026-02-01,266.1214210092864
J.B. Northcutt 6H,2026-03-01,265.8795805555992
J.B. Northcutt 6H,2026-04-01,265.6458396573843
J.B. Northcutt 6H,2026-05-01,265.41967977363834
J.B. Northcutt 6H,2026-06-01,265.20063042456485
J.B. Northcutt 6H,2026-07-01,264.9882634410236
J.B. Northcutt 6H,2026-08-01,264.782188048172
J.B. Northcutt 6H,2026-09-01,264.5820466422752
J.B. Northcutt 6H,2026-10-01,264.38751114670225
J.B. Northcutt 6H,2026-11-01,264.19827985439815
J.B. Northcutt 6H,2026-12-01,264.01407468097943
J.L. New 1H,2025-01-01,586.4755596512734
J.L. New 1H,2025-02-01,586.4755596512734
J.L. New 1H,2025-03-01,586.4755596512734
J.L. New 1H,2025-04-01,586.4755596512734
J.L. New 1H,2025-05-01,586.4755596512734
J.L. New 1H,2025-06-01,586.4755596512734
J.L. New 1H,2025-07-01,586.4755596512734
J.L. New 1H,2025-08-01,586.4755596512734
J.L. New 1H,2025-09-01,586.4755596512734
J.L. New 1H,2025-10-01,586.4755596512734
J.L. New 1H,2025-11-01,586.4755596512734
J.L. New 1H,2025-12-01,586.4755596512734
J.L. New 1H,2026-01-01,586.4755596512734
J.L. New 1H,2026-02-01,586.4755596512734
J.L. New 1H,2026-03-01,586.4755596512734
J.L. New 1H,2026-04-01,586.4755596512734
J.L. New 1H,2026-05-01,586.4755596512734
J.L. New 1H,2026-06-01,586.4755596512734
J.L. New 1H,2026-07-01,586.4755596512734
J.L. New 1H,2026-08-01,586.4755596512734
J.L. New 1H,2026-09-01,586.4755596512734
J.L. New 1H,2026-10-01,586.4755596512734
J.L. New 1H,2026-11-01,586.4755596512734
J.L. New 1H,2026-12-01,586.4755596512734
Mary B Johnson 1BH,2025-01-01,617.0892422728158
Mary B Johnson 1BH,2025-02-01,612.9440171127306
Mary B Johnson 1BH,2025-03-01,608.8815766257898
Mary B Johnson 1BH,2025-04-01,604.8991991871219
Mary B Johnson 1BH,2025-05-01,600.994286857599
Mary B Johnson 1BH,2025-06-01,597.1643582480608
Mary B Johnson 1BH,2025-07-01,593.4070418804035
Mary B Johnson 1BH,2025-08-01,589.7200700051516
Mary B Johnson 1BH,2025-09-01,586.1012728388737
Mary B Johnson 1BH,2025-10-01,582.5485731881578
Mary B Johnson 1BH,2025-11-01,579.0599814298622
Mary B Johnson 1BH,2025-12-01,575.6335908200738
Mary B Johnson 1BH,2026-01-01,572.2675731066264
Mary B Johnson 1BH,2026-02-01,568.9601744222381
Mary B Johnson 1BH,2026-03-01,565.7097114372926
Mary B Johnson 1BH,2026-04-01,562.514567753088
Mary B Johnson 1BH,2026-05-01,559.3731905179844
Mary B Johnson 1BH,2026-06-01,556.2840872503527
Mary B Johnson 1BH,2026-07-01,553.2458228535488
Mary B Johnson 1BH,2026-08-01,550.2570168093472
Mary B Johnson 1BH,2026-09-01,547.3163405373556
Mary B Johnson 1BH,2026-10-01,544.4225149089368
Mary B Johnson 1BH,2026-11-01,541.5743079050598
Mary B Johnson 1BH,2026-12-01,538.7705324083396
Mary B Johnson 4H,2025-01-01,302.6275475825659
Mary B Johnson 4H,2025-02-01,300.7334198547636
Mary B Johnson 4H,2025-03-01,298.88150921832016
Mary B Johnson 4H,2025-04-01,297.07021947156215
Mary B Johnson 4H,2025-05-01,295.2980387651148
Mary B Johnson 4H,2025-06-01,293.5635339149068
Mary B Johnson 4H,2025-07-01,291.8653451789623
Mary B Johnson 4H,2025-08-01,290.2021814537968
Mary B Johnson 4H,2025-09-01,288.5728158510344
Mary B Johnson 4H,2025-10-01,286.9760816190725
Mary B Johnson 4H,2025-11-01,285.4108683783352
Mary B Johnson 4H,2025-12-01,283.8761186419242
Mary B Johnson 4H,2026-01-01,282.3708245963683
Mary B Johnson 4H,2026-02-01,280.8940251197296
Mary B Johnson 4H,2026-03-01,279.44480301659553
Mary B Johnson 4H,2026-04-01,278.0222824515
Mary B Johnson 4H,2026-05-01,276.625626564108
Mary B Johnson 4H,2026-06-01,275.2540352510992
Mary B Johnson 4H,2026-07-01,273.9067431011092
Mary B Johnson 4H,2026-08-01,272.5830174703636
Mary B Johnson 4H,2026-09-01,271.28215668777955
Mary B Johnson 4H,2026-10-01,270.00348837933427
Mary B Johnson 4H,2026-11-01,268.74636790241703
Mary B Johnson 4H,2026-12-01,267.510176881707
Mary B Johnson 5H,2025-01-01,276.28497114258226
Mary B Johnson 5H,2025-02-01,274.42518653777006
Mary B Johnson 5H,2025-03-01,272.6024470805991
Mary B Johnson 5H,2025-04-01,270.8155391240488
Mary B Johnson 5H,2025-05-01,269.0633039647424
Mary B Johnson 5H,2025-06-01,267.3446346857519
Mary B Johnson 5H,2025-07-01,265.65847321834184
Mary B Johnson 5H,2025-08-01,264.00380760493255
Mary B Johnson 5H,2025-09-01,262.3796694471977
Mary B Johnson 5H,2025-10-01,260.78513152467724
Mary B Johnson 5H,2025-11-01,259.2193055706006
Mary B Johnson 5H,2025-12-01,257.68134019280217
Mary B Johnson 5H,2026-01-01,256.1704189286722
Mary B Johnson 5H,2026-02-01,254.68575842405144
Mary B Johnson 5H,2026-03-01,253.22660672684063
Mary B Johnson 5H,2026-04-01,251.7922416868827
Mary B Johnson 5H,2026-05-01,250.3819694543828
Mary B Johnson 5H,2026-06-01,248.99512306977422
Mary B Johnson 5H,2026-07-01,247.6310611385211
Mary B Johnson 5H,2026-08-01,246.28916658487674
Mary B Johnson 5H,2026-09-01,244.9688454790978
Mary B Johnson 5H,2026-10-01,243.66952593305197
Mary B Johnson 5H,2026-11-01,242.39065705955434
Mary B Johnson 5H,2026-12-01,241.13170799113274
Mary B Johnson 6H,2025-01-01,605.7927653904017
Mary B Johnson 6H,2025-02-01,600.9278574998029
Mary B Johnson 6H,2025-03-01,596.1281092470176
Mary B Johnson 6H,2025-04-01,591.3923021941263
Mary B Johnson 6H,2025-05-01,586.7192470823287
Mary B Johnson 6H,2025-06-01,582.1077829816414
Mary B Johnson 6H,2025-07-01,577.5567764697403
Mary B Johnson 6H,2025-08-01,573.0651208388051
Mary B Johnson 6H,2025-09-01,568.631735329268
Mary B Johnson 6H,2025-10-01,564.2555643894154
Mary B Johnson 6H,2025-11-01,559.9355769598458
Mary B Johnson 6H,2025-12-01,555.6707657818214
Mary B Johnson 6H,2026-01-01,551.4601467286009
Mary B Johnson 6H,2026-02-01,547.3027581588726
Mary B Johnson 6H,2026-03-01,543.1976602914515
Mary B Johnson 6H,2026-04-01,539.1439346004369
Mary B Johnson 6H,2026-05-01,535.1406832300607
Mary B Johnson 6H,2026-06-01,531.1870284284904
Mary B Johnson 6H,2026-07-01,527.2821119998817
Mary B Johnson 6H,2026-08-01,523.4250947740053
Mary B Johnson 6H,2026-09-01,519.6151560928
Mary B Johnson 6H,2026-10-01,515.8514933132315
Mary B Johnson 6H,2026-11-01,512.1333213258622
Mary B Johnson 6H,2026-12-01,508.4598720885623
Mary B Johnson 7H,2025-01-01,279.4480618726944
Mary B Johnson 7H,2025-02-01,277.7215006645716
Mary B Johnson 7H,2025-03-01,276.03371930070927
Mary B Johnson 7H,2025-04-01,274.38323567247596
Mary B Johnson 7H,2025-05-01,272.7686469296152
Mary B Johnson 7H,2025-06-01,271.1886240701625
Mary B Johnson 7H,2025-07-01,269.64190697716265
Mary B Johnson 7H,2025-08-01,268.1272998590795
Mary B Johnson 7H,2025-09-01,266.64366705553203
Mary B Johnson 7H,2025-10-01,265.1899291741441
Mary B Johnson 7H,2025-11-01,263.7650595279521
Mary B Johnson 7H,2025-12-01,262.3680808460272
Mary B Johnson 7H,2026-01-01,260.99806223280916
Mary B Johnson 7H,2026-02-01,259.6541163541534
Mary B Johnson 7H,2026-03-01,258.335396830316
Mary B Johnson 7H,2026-04-01,257.0410958180671
Mary B Johnson 7H,2026-05-01,255.7704417658759
Mary B Johnson 7H,2026-06-01,254.5226973276642
Mary B Johnson 7H,2026-07-01,253.2971574220151
Mary B Johnson 7H,2026-08-01,252.0931474249612
Mary B Johnson 7H,2026-09-01,250.91002148558485
Mary B Johnson 7H,2026-10-01,249.74716095465368
Mary B Johnson 7H,2026-11-01,248.6039729174052
Mary B Johnson 7H,2026-12-01,247.47988882239147
Merriweather South 5H,2025-01-01,400.9251227539396
Merriweather South 5H,2025-02-01,400.9077039223385
Merriweather South 5H,2025-03-01,400.8912817041845
Merriweather South 5H,2025-04-01,400.87574823753164
Merriweather South 5H,2025-05-01,400.8610122740648
Merriweather South 5H,2025-06-01,400.8469959333082
Merriweather South 5H,2025-07-01,400.83363221269644
Merriweather South 5H,2025-08-01,400.82086305165313
Merriweather South 5H,2025-09-01,400.8086378080398
Merriweather South 5H,2025-10-01,400.79691204586396
Merriweather South 5H,2025-11-01,400.78564656092647
Merriweather South 5H,2025-12-01,400.7748065904768
Merriweather South 5H,2026-01-01,400.76436116669265
Merriweather South 5H,2026-02-01,400.75428258367447
Merriweather South 5H,2026-03-01,400.7445459548495
Merriweather South 5H,2026-04-01,400.7351288429847
Merriweather South 5H,2026-05-01,400.7260109489669
Merriweather South 5H,2026-06-01,400.7171738484952
Merriweather South 5H,2026-07-01,400.70860076809583
Merriweather South 5H,2026-08-01,400.7002763936193
Merriweather South 5H,2026-09-01,400.6921867057228
Merriweather South 5H,2026-10-01,400.6843188379037
Merriweather South 5H,2026-11-01,400.6766609534696
Merriweather South 5H,2026-12-01,400.6692021384956
Mose Baggett A 1H,2025-01-01,382.65919200966425
Mose Baggett A 1H,2025-02-01,382.6346083358085
Mose Baggett A 1H,2025-03-01,382.6114316780633
Mose Baggett A 1H,2025-04-01,382.5895097325597
Mose Baggett A 1H,2025-05-01,382.5687136567761
Mose Baggett A 1H,2025-06-01,382.5489334855616
Mose Baggett A 1H,2025-07-01,382.53007461471464
Mose Baggett A 1H,2025-08-01,382.51205506701007
Mose Baggett A 1H,2025-09-01,382.494803340626
Mose Baggett A 1H,2025-10-01,382.47825669716036
Mose Baggett A 1H,2025-11-01,382.46235978568166
Mose Baggett A 1H,2025-12-01,382.4470635266489
Mose Baggett A 1H,2026-01-01,382.4323241989411
Mose Baggett A 1H,2026-02-01,382.4181026871974
Mose Baggett A 1H,2026-03-01,382.40436385683165
Mose Baggett A 1H,2026-04-01,382.3910760315831
Mose Baggett A 1H,2026-05-01,382.3782105540583
Mose Baggett A 1H,2026-06-01,382.36574141392896
Mose Baggett A 1H,2026-07-01,382.3536449316609
Mose Baggett A 1H,2026-08-01,382.341899488109
Mose Baggett A 1H,2026-09-01,382.3304852922212
Mose Baggett A 1H,2026-10-01,382.31938418058303
Mose Baggett A 1H,2026-11-01,382.30857944370484
Mose Baggett A 1H,2026-12-01,382.2980556748822
Moses Baggett 2H,2025-01-01,638.7193450975244
Moses Baggett 2H,2025-02-01,133.97980029679005
Moses Baggett 2H,2025-03-01,133.97980029679005
Moses Baggett 2H,2025-04-01,133.97980029679005
Moses Baggett 2H,2025-05-01,133.97980029679005
Moses Baggett 2H,2025-06-01,133.97980029679005
Moses Baggett 2H,2025-07-01,133.97980029679005
Moses Baggett 2H,2025-08-01,133.97980029679005
Moses Baggett 2H,2025-09-01,133.97980029679005
Moses Baggett 2H,2025-10-01,133.97980029679005
Moses Baggett 2H,2025-11-01,133.97980029679005
Moses Baggett 2H,2025-12-01,133.97980029679005
Moses Baggett 2H,2026-01-01,133.97980029679005
Moses Baggett 2H,2026-02-01,133.97980029679005
Moses Baggett 2H,2026-03-01,133.97980029679005
Moses Baggett 2H,2026-04-01,133.97980029679005
Moses Baggett 2H,2026-05-01,133.97980029679005
Moses Baggett 2H,2026-06-01,133.97980029679005
Moses Baggett 2H,2026-07-01,133.97980029679005
Moses Baggett 2H,2026-08-01,133.97980029679005
Moses Baggett 2H,2026-09-01,133.97980029679005
Moses Baggett 2H,2026-10-01,133.97980029679005
Moses Baggett 2H,2026-11-01,133.97980029679005
Moses Baggett 2H,2026-12-01,133.97980029679005
Moses Baggett 3H,2025-01-01,384.75467425962853
Moses Baggett 3H,2025-02-01,80.2579514279902
Moses Baggett 3H,2025-03-01,80.2579514279902
Moses Baggett 3H,2025-04-01,80.2579514279902
Moses Baggett 3H,2025-05-01,80.2579514279902
Moses Baggett 3H,2025-06-01,80.2579514279902
Moses Baggett 3H,2025-07-01,80.2579514279902
Moses Baggett 3H,2025-08-01,80.2579514279902
Moses Baggett 3H,2025-09-01,80.2579514279902
Moses Baggett 3H,2025-10-01,80.2579514279902
Moses Baggett 3H,2025-11-01,80.2579514279902
Moses Baggett 3H,2025-12-01,80.2579514279902
Moses Baggett 3H,2026-01-01,80.2579514279902
Moses Baggett 3H,2026-02-01,80.2579514279902
Moses Baggett 3H,2026-03-01,80.2579514279902
Moses Baggett 3H,2026-04-01,80.2579514279902
Moses Baggett 3H,2026-05-01,80.2579514279902
Moses Baggett 3H,2026-06-01,80.2579514279902
Moses Baggett 3H,2026-07-01,80.2579514279902
Moses Baggett 3H,2026-08-01,80.2579514279902
Moses Baggett 3H,2026-09-01,80.2579514279902
Moses Baggett 3H,2026-10-01,80.2579514279902
Moses Baggett 3H,2026-11-01,80.2579514279902
Moses Baggett 3H,2026-12-01,80.2579514279902
Moses Watson 1H,2025-01-01,531.5909016313826
Moses Watson 1H,2025-02-01,532.3304448290876
Moses Watson 1H,2025-03-01,533.0286469673223
Moses Watson 1H,2025-04-01,533.6899323232564
Moses Watson 1H,2025-05-01,534.318048665334
Moses Watson 1H,2025-06-01,534.9161987196043
Moses Watson 1H,2025-07-01,535.4871411481462
Moses Watson 1H,2025-08-01,536.0332691538623
Moses Watson 1H,2025-09-01,536.5566724121007
Moses Watson 1H,2025-10-01,537.0591864032684
Moses Watson 1H,2025-11-01,537.542432103995
Moses Watson 1H,2025-12-01,538.0078482145088
Moses Watson 1H,2026-01-01,538.4567175465831
Moses Watson 1H,2026-02-01,538.8901887982103
Moses Watson 1H,2026-03-01,539.3092946507901
Moses Watson 1H,2026-04-01,539.7149669102906
Moses Watson 1H,2026-05-01,540.1080492538628
Moses Watson 1H,2026-06-01,540.489308022717
Moses Watson 1H,2026-07-01,540.8594414101724
Moses Watson 1H,2026-08-01,541.2190873231573
Moses Watson 1H,2026-09-01,541.5688301406972
Moses Watson 1H,2026-10-01,541.9092065501591
Moses Watson 1H,2026-11-01,542.2407106083606
Moses Watson 1H,2026-12-01,542.5637981479705
Moses Watson 2H,2025-01-01,359.33623958699883
Moses Watson 2H,2025-02-01,359.8360911040091
Moses Watson 2H,2025-03-01,360.30800045178455
Moses Watson 2H,2025-04-01,360.7549579756748
Moses Watson 2H,2025-05-01,361.1794967720458
Moses Watson 2H,2025-06-01,361.5837815457861
Moses Watson 2H,2025-07-01,361.96967686116693
Moses Watson 2H,2025-08-01,362.33880027045785
Moses Watson 2H,2025-09-01,362.69256417321935
Moses Watson 2H,2025-10-01,363.0322091599806
Moses Watson 2H,2025-11-01,363.35883083930423
Moses Watson 2H,2025-12-01,363.6734016201114
Moses Watson 2H,2026-01-01,363.9767885471632
Moses Watson 2H,2026-02-01,364.2697680184531
Moses Watson 2H,2026-03-01,364.5530380170036
Moses Watson 2H,2026-04-01,364.8272283446993
Moses Watson 2H,2026-05-01,365.0929092376564
Moses Watson 2H,2026-06-01,365.35059866107156
Moses Watson 2H,2026-07-01,365.60076851937504
Moses Watson 2H,2026-08-01,365.8438499697767
Moses Watson 2H,2026-09-01,366.0802379902912
Moses Watson 2H,2026-10-01,366.3102953244236
Moses Watson 2H,2026-11-01,366.53435590194505
Moses Watson 2H,2026-12-01,366.75272781715427
Moses Watson 3H,2025-01-01,874.7715537334432
Moses Watson 3H,2025-02-01,875.9885860030599
Moses Watson 3H,2025-03-01,877.1375852666345
Moses Watson 3H,2025-04-01,878.2258323417474
Moses Watson 3H,2025-05-01,879.2594947488903
Moses Watson 3H,2025-06-01,880.2438430590738
Moses Watson 3H,2025-07-01,881.1834170690167
Moses Watson 3H,2025-08-01,882.082155157165
Moses Watson 3H,2025-09-01,882.943496201503
Moses Watson 3H,2025-10-01,883.7704607638042
Moses Watson 3H,2025-11-01,884.5657164074241
Moses Watson 3H,2025-12-01,885.3316307323105
Moses Watson 3H,2026-01-01,886.0703148003503
Moses Watson 3H,2026-02-01,886.7836589688856
Moses Watson 3H,2026-03-01,887.4733626723696
Moses Watson 3H,2026-04-01,888.1409593394366
Moses Watson 3H,2026-05-01,888.7878373693817
Moses Watson 3H,2026-06-01,889.4152578934735
Moses Watson 3H,2026-07-01,890.0243698952793
Moses Watson 3H,2026-08-01,890.6162231479534
Moses Watson 3H,2026-09-01,891.1917793363532
Moses Watson 3H,2026-10-01,891.7519216614635
Moses Watson 3H,2026-11-01,892.2974631692181
Moses Watson 3H,2026-12-01,892.8291540019006
Northcutt Dye 1H,2025-01-01,89.19598945264337
Northcutt Dye 1H,2025-02-01,89.19598945264337
Northcutt Dye 1H,2025-03-01,89.19598945264337
Northcutt Dye 1H,2025-04-01,89.19598945264337
Northcutt Dye 1H,2025-05-01,89.19598945264337
Northcutt Dye 1H,2025-06-01,89.19598945264337
Northcutt Dye 1H,2025-07-01,89.19598945264337
Northcutt Dye 1H,2025-08-01,89.19598945264337
Northcutt Dye 1H,2025-09-01,89.19598945264337
Northcutt Dye 1H,2025-10-01,89.19598945264337
Northcutt Dye 1H,2025-11-01,89.19598945264337
Northcutt Dye 1H,2025-12-01,89.19598945264337
Northcutt Dye 1H,2026-01-01,89.19598945264337
Northcutt Dye 1H,2026-02-01,89.19598945264337
Northcutt Dye 1H,2026-03-01,89.19598945264337
Northcutt Dye 1H,2026-04-01,89.19598945264337
Northcutt Dye 1H,2026-05-01,89.19598945264337
Northcutt Dye 1H,2026-06-01,89.19598945264337
Northcutt Dye 1H,2026-07-01,89.19598945264337
Northcutt Dye 1H,2026-08-01,89.19598945264337
Northcutt Dye 1H,2026-09-01,89.19598945264337
Northcutt Dye 1H,2026-10-01,89.19598945264337
Northcutt Dye 1H,2026-11-01,89.19598945264337
Northcutt Dye 1H,2026-12-01,89.19598945264337
Northcutt Dye 2H,2025-01-01,426.6350833062162
Northcutt Dye 2H,2025-02-01,414.29411232788954
Northcutt Dye 2H,2025-03-01,399.7727780340717
Northcutt Dye 2H,2025-04-01,381.9886636600145
Northcutt Dye 2H,2025-05-01,358.7057070101268
Northcutt Dye 2H,2025-06-01,323.7766927056349
Northcutt Dye 2H,2025-07-01,235.4206165581118
Northcutt Dye 2H,2025-08-01,11.526935205173338
Northcutt Dye 2H,2025-09-01,11.526935205173338
Northcutt Dye 2H,2025-10-01,11.526935205173338
Northcutt Dye 2H,2025-11-01,11.526935205173338
Northcutt Dye 2H,2025-12-01,11.526935205173338
Northcutt Dye 2H,2026-01-01,11.526935205173338
Northcutt Dye 2H,2026-02-01,11.526935205173338
Northcutt Dye 2H,2026-03-01,11.526935205173338
Northcutt Dye 2H,2026-04-01,11.526935205173338
Northcutt Dye 2H,2026-05-01,11.526935205173338
Northcutt Dye 2H,2026-06-01,11.526935205173338
Northcutt Dye 2H,2026-07-01,11.526935205173338
Northcutt Dye 2H,2026-08-01,11.526935205173338
Northcutt Dye 2H,2026-09-01,11.526935205173338
Northcutt Dye 2H,2026-10-01,11.526935205173338
Northcutt Dye 2H,2026-11-01,11.526935205173338
Northcutt Dye 2H,2026-12-01,11.526935205173338
Northcutt Dye 3H,2025-01-01,174.64676107132215
Northcutt Dye 3H,2025-02-01,174.64676107132215
Northcutt Dye 3H,2025-03-01,174.64676107132215
Northcutt Dye 3H,2025-04-01,174.64676107132215
Northcutt Dye 3H,2025-05-01,174.64676107132215
Northcutt Dye 3H,2025-06-01,174.64676107132215
Northcutt Dye 3H,2025-07-01,174.64676107132215
Northcutt Dye 3H,2025-08-01,174.64676107132215
Northcutt Dye 3H,2025-09-01,174.64676107132215
Northcutt Dye 3H,2025-10-01,174.64676107132215
Northcutt Dye 3H,2025-11-01,174.64676107132215
Northcutt Dye 3H,2025-12-01,174.64676107132215
Northcutt Dye 3H,2026-01-01,174.64676107132215
Northcutt Dye 3H,2026-02-01,174.64676107132215
Northcutt Dye 3H,2026-03-01,174.64676107132215
Northcutt Dye 3H,2026-04-01,174.64676107132215
Northcutt Dye 3H,2026-05-01,174.64676107132215
Northcutt Dye 3H,2026-06-01,174.64676107132215
Northcutt Dye 3H,2026-07-01,174.64676107132215
Northcutt Dye 3H,2026-08-01,174.64676107132215
Northcutt Dye 3H,2026-09-01,174.64676107132215
Northcutt Dye 3H,2026-10-01,174.64676107132215
Northcutt Dye 3H,2026-11-01,174.64676107132215
Northcutt Dye 3H,2026-12-01,174.64676107132215
R.W. Carter 4BH,2025-01-01,196.8675392070214
R.W. Carter 4BH,2025-02-01,194.01308167416292
R.W. Carter 4BH,2025-03-01,191.32692572451853
R.W. Carter 4BH,2025-04-01,188.79230967751363
R.W. Carter 4BH,2025-05-01,186.39476601754313
R.W. Carter 4BH,2025-06-01,184.12172865759925
R.W. Carter 4BH,2025-07-01,181.96221988518826
R.W. Carter 4BH,2025-08-01,179.90659848349839
R.W. Carter 4BH,2025-09-01,177.94635532424383
R.W. Carter 4BH,2025-10-01,176.07394616324794
R.W. Carter 4BH,2025-11-01,174.28265385819773
R.W. Carter 4BH,2025-12-01,172.56647405283348
R.W. Carter 4BH,2026-01-01,170.9200197252097
R.W. Carter 4BH,2026-02-01,169.33844101193654
R.W. Carter 4BH,2026-03-01,167.81735748789524
R.W. Carter 4BH,2026-04-01,166.35280066712662
R.W. Carter 4BH,2026-05-01,164.94116494211562
R.W. Carter 4BH,2026-06-01,163.57916552926787
R.W. Carter 4BH,2026-07-01,162.26380226262893
R.W. Carter 4BH,2026-08-01,160.99232829396644
R.W. Carter 4BH,2026-09-01,159.76222292871105
R.W. Carter 4BH,2026-10-01,158.57116796403707
R.W. Carter 4BH,2026-11-01,157.4170270051971
R.W. Carter 4BH,2026-12-01,156.29782732491879
R.W. Carter 5BH,2025-01-01,242.6110223608965
R.W. Carter 5BH,2025-02-01,243.77810020851192
R.W. Carter 5BH,2025-03-01,244.88359190521047
R.W. Carter 5BH,2025-04-01,245.93391083155245
R.W. Carter 5BH,2025-05-01,246.93450680152924
R.W. Carter 5BH,2025-06-01,247.8900509286125
R.W. Carter 5BH,2025-07-01,248.80457804647875
R.W. Carter 5BH,2025-08-01,249.68159788958528
R.W. Carter 5BH,2025-09-01,250.5241829281558
R.W. Carter 5BH,2025-10-01,251.33503851530932
R.W. Carter 5BH,2025-11-01,252.11655946416295
R.W. Carter 5BH,2025-12-01,252.87087609442818
R.W. Carter 5BH,2026-01-01,253.5998920211371
R.W. Carter 5BH,2026-02-01,254.30531540492845
R.W. Carter 5BH,2026-03-01,254.9886849790185
R.W. Carter 5BH,2026-04-01,255.65139186891312
R.W. Carter 5BH,2026-05-01,256.2946979972187
R.W. Carter 5BH,2026-06-01,256.9197516968426
R.W. Carter 5BH,2026-07-01,257.52760102686295
R.W. Carter 5BH,2026-08-01,258.1192051860127
R.W. Carter 5BH,2026-09-01,258.6954443415922
R.W. Carter 5BH,2026-10-01,259.25712813126137
R.W. Carter 5BH,2026-11-01,259.80500304757356
R.W. Carter 5BH,2026-12-01,260.3397588773255
Salt Flat Field,2025-01-01,0.0
Salt Flat Field,2025-02-01,0.0
Salt Flat Field,2025-03-01,0.0
Salt Flat Field,2025-04-01,0.0
Salt Flat Field,2025-05-01,0.0
Salt Flat Field,2025-06-01,0.0
Salt Flat Field,2025-07-01,0.0
Salt Flat Field,2025-08-01,0.0
Salt Flat Field,2025-09-01,0.0
Salt Flat Field,2025-10-01,0.0
Salt Flat Field,2025-11-01,0.0
Salt Flat Field,2025-12-01,0.0
Salt Flat Field,2026-01-01,0.0
Salt Flat Field,2026-02-01,0.0
Salt Flat Field,2026-03-01,0.0
Salt Flat Field,2026-04-01,0.0
Salt Flat Field,2026-05-01,0.0
Salt Flat Field,2026-06-01,0.0
Salt Flat Field,2026-07-01,0.0
Salt Flat Field,2026-08-01,0.0
Salt Flat Field,2026-09-01,0.0
Salt Flat Field,2026-10-01,0.0
Salt Flat Field,2026-11-01,0.0
Salt Flat Field,2026-12-01,0.0
Smith B Unit 2H,2025-01-01,211.2420874963113
Smith B Unit 2H,2025-02-01,211.94990647123655
Smith B Unit 2H,2025-03-01,212.63579831814442
Smith B Unit 2H,2025-04-01,213.30114538554736
Smith B Unit 2H,2025-05-01,213.94720138181285
Smith B Unit 2H,2025-06-01,214.57510696856045
Smith B Unit 2H,2025-07-01,215.18590305116075
Smith B Unit 2H,2025-08-01,215.78054216383416
Smith B Unit 2H,2025-09-01,216.35989826889124
Smith B Unit 2H,2025-10-01,216.92477522871903
Smith B Unit 2H,2025-11-01,217.47591416112925
Smith B Unit 2H,2025-12-01,218.01399985062255
Smith B Unit 2H,2026-01-01,218.53966635773662
Smith B Unit 2H,2026-02-01,219.05350194423318
Smith B Unit 2H,2026-03-01,219.55605341214834
Smith B Unit 2H,2026-04-01,220.0478299386968
Smith B Unit 2H,2026-05-01,220.5293064759181
Smith B Unit 2H,2026-06-01,221.00092677319543
Smith B Unit 2H,2026-07-01,221.4631060718985
Smith B Unit 2H,2026-08-01,221.9162335140442
Smith B Unit 2H,2026-09-01,222.3606743007411
Smith B Unit 2H,2026-10-01,222.7967716310618
Smith B Unit 2H,2026-11-01,223.22484844768766
Smith B Unit 2H,2026-12-01,223.64520901204807
Smith B Unit 3H,2025-01-01,389.8664755126426
Smith B Unit 3H,2025-02-01,391.1729882391273
Smith B Unit 3H,2025-03-01,392.43902467232533
Smith B Unit 3H,2025-04-01,393.6671367168641
Smith B Unit 3H,2025-05-01,394.85963878437025
Smith B Unit 3H,2025-06-01,396.01863658347696
Smith B Unit 3H,2025-07-01,397.1460516577471
Smith B Unit 3H,2025-08-01,398.2436424054982
Smith B Unit 3H,2025-09-01,399.31302217155894
Smith B Unit 3H,2025-10-01,400.3556748884608
Smith B Unit 3H,2025-11-01,401.37296865595397
Smith B Unit 3H,2025-12-01,402.3661675774564
Smith B Unit 3H,2026-01-01,403.3364421159334
Smith B Unit 3H,2026-02-01,404.2848781866283
Smith B Unit 3H,2026-03-01,405.21248516763455
Smith B Unit 3H,2026-04-01,406.12020297968905
Smith B Unit 3H,2026-05-01,407.0089083623809
Smith B Unit 3H,2026-06-01,407.8794204540986
Smith B Unit 3H,2026-07-01,408.7325057666522
Smith B Unit 3H,2026-08-01,409.568882631916
Smith B Unit 3H,2026-09-01,410.3892251865265
Smith B Unit 3H,2026-10-01,411.1941669512125
Smith B Unit 3H,2026-11-01,411.9843040533951
Smith B Unit 3H,2026-12-01,412.76019813500915
Smith Heirs Lease,2025-01-01,0.0
Smith Heirs Lease,2025-02-01,0.0
Smith Heirs Lease,2025-03-01,0.0
Smith Heirs Lease,2025-04-01,0.0
Smith Heirs Lease,2025-05-01,0.0
Smith Heirs Lease,2025-06-01,0.0
Smith Heirs Lease,2025-07-01,0.0
Smith Heirs Lease,2025-08-01,0.0
Smith Heirs Lease,2025-09-01,0.0
Smith Heirs Lease,2025-10-01,0.0
Smith Heirs Lease,2025-11-01,0.0
Smith Heirs Lease,2025-12-01,0.0
Smith Heirs Lease,2026-01-01,0.0
Smith Heirs Lease,2026-02-01,0.0
Smith Heirs Lease,2026-03-01,0.0
Smith Heirs Lease,2026-04-01,0.0
Smith Heirs Lease,2026-05-01,0.0
Smith Heirs Lease,2026-06-01,0.0
Smith Heirs Lease,2026-07-01,0.0
Smith Heirs Lease,2026-08-01,0.0
Smith Heirs Lease,2026-09-01,0.0
Smith Heirs Lease,2026-10-01,0.0
Smith Heirs Lease,2026-11-01,0.0
Smith Heirs Lease,2026-12-01,0.0
Smith Northcutt 2H,2025-01-01,677.9254558687843
Smith Northcutt 2H,2025-02-01,677.9254558687843
Smith Northcutt 2H,2025-03-01,677.9254558687843
Smith Northcutt 2H,2025-04-01,677.9254558687843
Smith Northcutt 2H,2025-05-01,677.9254558687843
Smith Northcutt 2H,2025-06-01,677.9254558687843
Smith Northcutt 2H,2025-07-01,677.9254558687843
Smith Northcutt 2H,2025-08-01,677.9254558687843
Smith Northcutt 2H,2025-09-01,677.9254558687843
Smith Northcutt 2H,2025-10-01,677.9254558687843
Smith Northcutt 2H,2025-11-01,677.9254558687843
Smith Northcutt 2H,2025-12-01,677.9254558687843
Smith Northcutt 2H,2026-01-01,677.9254558687843
Smith Northcutt 2H,2026-02-01,677.9254558687843
Smith Northcutt 2H,2026-03-01,677.9254558687843
Smith Northcutt 2H,2026-04-01,677.9254558687843
Smith Northcutt 2H,2026-05-01,677.9254558687843
Smith Northcutt 2H,2026-06-01,677.9254558687843
Smith Northcutt 2H,2026-07-01,677.9254558687843
Smith Northcutt 2H,2026-08-01,677.9254558687843
Smith Northcutt 2H,2026-09-01,677.9254558687843
Smith Northcutt 2H,2026-10-01,677.9254558687843
Smith Northcutt 2H,2026-11-01,677.9254558687843
Smith Northcutt 2H,2026-12-01,677.9254558687843
Tiller Briscoe 9H,2025-01-01,506.94578062622446
Tiller Briscoe 9H,2025-02-01,509.25269205657776
Tiller Briscoe 9H,2025-03-01,511.4585583113213
Tiller Briscoe 9H,2025-04-01,513.5722440357121
Tiller Briscoe 9H,2025-05-01,515.6014808482917
Tiller Briscoe 9H,2025-06-01,517.5530537660528
Tiller Briscoe 9H,2025-07-01,519.4329506607125
Tiller Briscoe 9H,2025-08-01,521.2464832288745
Tiller Briscoe 9H,2025-09-01,522.9983857678619
Tiller Briscoe 9H,2025-10-01,524.6928964825364
Tiller Briscoe 9H,2025-11-01,526.3338249129132
Tiller Briscoe 9H,2025-12-01,527.9246082387739
Tiller Briscoe 9H,2026-01-01,529.468358598266
Tiller Briscoe 9H,2026-02-01,530.967903092517
Tiller Briscoe 9H,2026-03-01,532.4258177956061
Tiller Briscoe 9H,2026-04-01,533.8444568191991
Tiller Briscoe 9H,2026-05-01,535.2259772725599
Tiller Briscoe 9H,2026-06-01,536.5723607962133
Tiller Briscoe 9H,2026-07-01,537.8854322200351
Tiller Briscoe 9H,2026-08-01,539.1668757957722
Tiller Briscoe 9H,2026-09-01,540.4182493737686
Tiller Briscoe 9H,2026-10-01,541.6409968294242
Tiller Briscoe 9H,2026-11-01,542.8364589931169
Tiller Briscoe 9H,2026-12-01,544.0058832953437
W.H. New 1H,2025-01-01,280.0429530676509
W.H. New 1H,2025-02-01,282.3371307351673
W.H. New 1H,2025-03-01,284.85586707367486
W.H. New 1H,2025-04-01,287.64524774660384
W.H. New 1H,2025-05-01,290.76684501945846
W.H. New 1H,2025-06-01,294.30544558918194
W.H. New 1H,2025-07-01,298.3822474242489
W.H. New 1H,2025-08-01,303.1789109362198
W.H. New 1H,2025-09-01,308.98522970496464
W.H. New 1H,2025-10-01,316.3049203841405
W.H. New 1H,2025-11-01,326.13168116662746
W.H. New 1H,2025-12-01,340.8814199974477
W.H. New 1H,2026-01-01,369.64910198766114
W.H. New 1H,2026-02-01,2601.9196555485028
W.H. New 1H,2026-03-01,2601.9196555485028
W.H. New 1H,2026-04-01,2601.9196555485028
W.H. New 1H,2026-05-01,2601.9196555485028
W.H. New 1H,2026-06-01,2601.9196555485028
W.H. New 1H,2026-07-01,2601.9196555485028
W.H. New 1H,2026-08-01,2601.9196555485028
W.H. New 1H,2026-09-01,2601.9196555485028
W.H. New 1H,2026-10-01,2601.9196555485028
W.H. New 1H,2026-11-01,2601.9196555485028
W.H. New 1H,2026-12-01,2601.9196555485028
W.H. New 2H,2025-01-01,445.1457414876892
W.H. New 2H,2025-02-01,445.1693662957975
W.H. New 2H,2025-03-01,445.1916415056987
W.H. New 2H,2025-04-01,445.2127130725125
W.H. New 2H,2025-05-01,445.23270448134184
W.H. New 2H,2025-06-01,445.25172113565174
W.H. New 2H,2025-07-01,445.26985372399093
W.H. New 2H,2025-08-01,445.2871808378323
W.H. New 2H,2025-09-01,445.30377103194445
W.H. New 2H,2025-10-01,445.31968446395246
W.H. New 2H,2025-11-01,445.3349742121912
W.H. New 2H,2025-12-01,445.3496873447497
W.H. New 2H,2026-01-01,445.3638657940334
W.H. New 2H,2026-02-01,445.37754707781346
W.H. New 2H,2026-03-01,445.39076489800806
W.H. New 2H,2026-04-01,445.4035496412605
W.H. New 2H,2026-05-01,445.4159288000292
W.H. New 2H,2026-06-01,445.4279273288725
W.H. New 2H,2026-07-01,445.43956794753876
W.H. New 2H,2026-08-01,445.4508714001182
W.H. New 2H,2026-09-01,445.4618566776841
W.H. New 2H,2026-10-01,445.4725412104287
W.H. New 2H,2026-11-01,445.4829410341743
W.H. New 2H,2026-12-01,445.49307093525647
W.H. New 3H,2025-01-01,343.1596812920851
W.H. New 3H,2025-02-01,343.1778976481917
W.H. New 3H,2025-03-01,343.19507337122093
W.H. New 3H,2025-04-01,343.2113210026019
W.H. New 3H,2025-05-01,343.2267357578377
W.H. New 3H,2025-06-01,343.241398910246
W.H. New 3H,2025-07-01,343.25538038693355
W.H. New 3H,2025-08-01,343.26874078733016
W.H. New 3H,2025-09-01,343.281532971877
W.H. New 3H,2025-10-01,343.2938033262407
W.H. New 3H,2025-11-01,343.3055927774683
W.H. New 3H,2025-12-01,343.31693761829433
W.H. New 3H,2026-01-01,343.3278701814881
W.H. New 3H,2026-02-01,343.3384193958326
W.H. New 3H,2026-03-01,343.34861124782566
W.H. New 3H,2026-04-01,343.3584691676603
W.H. New 3H,2026-05-01,343.3680143539139
W.H. New 3H,2026-06-01,343.37726604826844
W.H. New 3H,2026-07-01,343.38624176921377
W.H. New 3H,2026-08-01,343.3949575118711
W.H. New 3H,2026-09-01,343.40342791966543
W.H. New 3H,2026-10-01,343.41166643247476
W.H. New 3H,2026-11-01,343.41968541502223
W.H. New 3H,2026-12-01,343.4274962685905
Wilson Malone 2H,2025-01-01,3.894062080351003
Wilson Malone 2H,2025-02-01,3.7541215543934365
Wilson Malone 2H,2025-03-01,3.619210057352512
Wilson Malone 2H,2025-04-01,3.48914686151071
Wilson Malone 2H,2025-05-01,3.363757733944724
Wilson Malone 2H,2025-06-01,3.242874703122672
Wilson Malone 2H,2025-07-01,3.1263358338890903
Wilson Malone 2H,2025-08-01,3.0139850105362713
Wilson Malone 2H,2025-09-01,2.9056717276713386
Wilson Malone 2H,2025-10-01,2.8012508885989154
Wilson Malone 2H,2025-11-01,2.700582610949295
Wilson Malone 2H,2025-12-01,2.603532039291732
Wilson Malone 2H,2026-01-01,2.509969164481832
Wilson Malone 2H,2026-02-01,2.4197686495010338
Wilson Malone 2H,2026-03-01,2.332809661554883
Wilson Malone 2H,2026-04-01,2.2489757102051766
Wilson Malone 2H,2026-05-01,2.1681544913191293
Wilson Malone 2H,2026-06-01,2.0902377366265306
Wilson Malone 2H,2026-07-01,2.015121068683347
Wilson Malone 2H,2026-08-01,1.9427038610474834
Wilson Malone 2H,2026-09-01,1.8728891034793982
Wilson Malone 2H,2026-10-01,1.8055832719869847
Wilson Malone 2H,2026-11-01,1.7406962035406421
Wilson Malone 2H,2026-12-01,1.6781409752906962
